Name,Betweenness Centrality (BC),Degree,Ranking by BC,Label
starPep_44675,0,1,2827,Peptide
starPep_41594,0,1,2826,Peptide
starPep_40807,0,1,2825,Peptide
starPep_37428,0,1,2824,Peptide
starPep_34367,0,1,2823,Peptide
starPep_33608,0,0,2822,Peptide
starPep_33037,0,0,2821,Peptide
starPep_32981,0,0,2820,Peptide
starPep_32978,0,0,2819,Peptide
starPep_32802,0,0,2818,Peptide
starPep_32702,0,0,2817,Peptide
starPep_32701,0,0,2816,Peptide
starPep_32648,0,1,2815,Peptide
starPep_32607,0,1,2814,Peptide
starPep_32546,0,1,2813,Peptide
starPep_32469,0,0,2812,Peptide
starPep_32466,0,0,2811,Peptide
starPep_32462,0,0,2810,Peptide
starPep_32459,0,0,2809,Peptide
starPep_32454,0,0,2808,Peptide
starPep_32362,0,0,2807,Peptide
starPep_32281,0,0,2806,Peptide
starPep_32280,0,0,2805,Peptide
starPep_32131,0,1,2804,Peptide
starPep_32054,0,1,2803,Peptide
starPep_32053,0,1,2802,Peptide
starPep_32014,0,0,2801,Peptide
starPep_32013,0,0,2800,Peptide
starPep_31998,0,0,2799,Peptide
starPep_30515,0,0,2798,Peptide
starPep_30509,0,0,2797,Peptide
starPep_30144,0,1,2796,Peptide
starPep_29246,0,1,2795,Peptide
starPep_27173,0,0,2794,Peptide
starPep_27131,0,0,2793,Peptide
starPep_26623,0,0,2792,Peptide
starPep_26622,0,0,2791,Peptide
starPep_26621,0,0,2790,Peptide
starPep_26620,0,0,2789,Peptide
starPep_24042,0,1,2788,Peptide
starPep_23256,0,1,2787,Peptide
starPep_23255,0,1,2786,Peptide
starPep_23254,0,1,2785,Peptide
starPep_23252,0,1,2784,Peptide
starPep_23251,0,1,2783,Peptide
starPep_23245,0,1,2782,Peptide
starPep_23227,0,1,2781,Peptide
starPep_23217,0,1,2780,Peptide
starPep_23214,0,1,2779,Peptide
starPep_23212,0,1,2778,Peptide
starPep_23209,0,1,2777,Peptide
starPep_23208,0,1,2776,Peptide
starPep_23207,0,1,2775,Peptide
starPep_23206,0,1,2774,Peptide
starPep_23192,0,1,2773,Peptide
starPep_23188,0,1,2772,Peptide
starPep_23186,0,1,2771,Peptide
starPep_23185,0,1,2770,Peptide
starPep_23159,0,1,2769,Peptide
starPep_22750,0,1,2768,Peptide
starPep_22713,0,0,2767,Peptide
starPep_22453,0,1,2766,Peptide
starPep_21062,0,1,2765,Peptide
starPep_20686,0,1,2764,Peptide
starPep_20284,0,1,2763,Peptide
starPep_20283,0,1,2762,Peptide
starPep_20198,0,0,2761,Peptide
starPep_19904,0,0,2760,Peptide
starPep_17024,0,1,2759,Peptide
starPep_14962,0,1,2758,Peptide
starPep_13874,0,0,2757,Peptide
starPep_13818,0,0,2756,Peptide
starPep_13777,0,0,2755,Peptide
starPep_13770,0,0,2754,Peptide
starPep_13711,0,0,2753,Peptide
starPep_13710,0,0,2752,Peptide
starPep_13684,0,0,2751,Peptide
starPep_13610,0,0,2750,Peptide
starPep_13523,0,0,2749,Peptide
starPep_13482,0,0,2748,Peptide
starPep_13481,0,0,2747,Peptide
starPep_13480,0,0,2746,Peptide
starPep_13479,0,0,2745,Peptide
starPep_13478,0,0,2744,Peptide
starPep_13477,0,0,2743,Peptide
starPep_13476,0,0,2742,Peptide
starPep_13475,0,0,2741,Peptide
starPep_13474,0,0,2740,Peptide
starPep_13473,0,0,2739,Peptide
starPep_13460,0,0,2738,Peptide
starPep_13446,0,0,2737,Peptide
starPep_13432,0,0,2736,Peptide
starPep_13375,0,0,2735,Peptide
starPep_13374,0,0,2734,Peptide
starPep_13373,0,0,2733,Peptide
starPep_13277,0,0,2732,Peptide
starPep_13276,0,0,2731,Peptide
starPep_13275,0,0,2730,Peptide
starPep_13232,0,0,2729,Peptide
starPep_13196,0,0,2728,Peptide
starPep_13165,0,0,2727,Peptide
starPep_13159,0,0,2726,Peptide
starPep_13105,0,0,2725,Peptide
starPep_13104,0,0,2724,Peptide
starPep_13078,0,0,2723,Peptide
starPep_13054,0,0,2722,Peptide
starPep_13008,0,0,2721,Peptide
starPep_13007,0,0,2720,Peptide
starPep_12936,0,0,2719,Peptide
starPep_12707,0,0,2718,Peptide
starPep_12670,0,0,2717,Peptide
starPep_12669,0,0,2716,Peptide
starPep_12668,0,0,2715,Peptide
starPep_12667,0,0,2714,Peptide
starPep_12615,0,0,2713,Peptide
starPep_12614,0,0,2712,Peptide
starPep_12613,0,0,2711,Peptide
starPep_12612,0,0,2710,Peptide
starPep_12611,0,0,2709,Peptide
starPep_12610,0,0,2708,Peptide
starPep_12589,0,0,2707,Peptide
starPep_12588,0,0,2706,Peptide
starPep_12483,0,0,2705,Peptide
starPep_12482,0,0,2704,Peptide
starPep_12481,0,0,2703,Peptide
starPep_12480,0,0,2702,Peptide
starPep_12479,0,0,2701,Peptide
starPep_12443,0,0,2700,Peptide
starPep_12420,0,0,2699,Peptide
starPep_12404,0,0,2698,Peptide
starPep_12396,0,0,2697,Peptide
starPep_12374,0,0,2696,Peptide
starPep_12346,0,0,2695,Peptide
starPep_12171,0,0,2694,Peptide
starPep_12120,0,0,2693,Peptide
starPep_12119,0,0,2692,Peptide
starPep_12118,0,0,2691,Peptide
starPep_12117,0,0,2690,Peptide
starPep_12116,0,0,2689,Peptide
starPep_12115,0,0,2688,Peptide
starPep_12103,0,0,2687,Peptide
starPep_12102,0,0,2686,Peptide
starPep_12071,0,0,2685,Peptide
starPep_11991,0,1,2684,Peptide
starPep_11985,0,0,2683,Peptide
starPep_11960,0,0,2682,Peptide
starPep_11953,0,1,2681,Peptide
starPep_11895,0,0,2680,Peptide
starPep_11890,0,1,2679,Peptide
starPep_11864,0,0,2678,Peptide
starPep_11842,0,1,2677,Peptide
starPep_11837,0,0,2676,Peptide
starPep_11836,0,0,2675,Peptide
starPep_11831,0,0,2674,Peptide
starPep_11830,0,0,2673,Peptide
starPep_11820,0,1,2672,Peptide
starPep_11812,0,0,2671,Peptide
starPep_11800,0,0,2670,Peptide
starPep_11799,0,0,2669,Peptide
starPep_11745,0,0,2668,Peptide
starPep_11744,0,1,2667,Peptide
starPep_11743,0,1,2666,Peptide
starPep_11742,0,0,2665,Peptide
starPep_11731,0,0,2664,Peptide
starPep_11703,0,1,2663,Peptide
starPep_11702,0,1,2662,Peptide
starPep_11696,0,1,2661,Peptide
starPep_11693,0,1,2660,Peptide
starPep_11692,0,1,2659,Peptide
starPep_11687,0,1,2658,Peptide
starPep_11674,0,1,2657,Peptide
starPep_11651,0,1,2656,Peptide
starPep_11650,0,1,2655,Peptide
starPep_11645,0,1,2654,Peptide
starPep_11640,0,1,2653,Peptide
starPep_11639,0,1,2652,Peptide
starPep_11638,0,1,2651,Peptide
starPep_11636,0,1,2650,Peptide
starPep_11633,0,1,2649,Peptide
starPep_11632,0,1,2648,Peptide
starPep_11627,0,1,2647,Peptide
starPep_11626,0,1,2646,Peptide
starPep_11625,0,1,2645,Peptide
starPep_11610,0,1,2644,Peptide
starPep_11599,0,1,2643,Peptide
starPep_11598,0,1,2642,Peptide
starPep_11592,0,1,2641,Peptide
starPep_11573,0,1,2640,Peptide
starPep_11570,0,1,2639,Peptide
starPep_11568,0,1,2638,Peptide
starPep_11564,0,1,2637,Peptide
starPep_11554,0,1,2636,Peptide
starPep_11549,0,1,2635,Peptide
starPep_11540,0,1,2634,Peptide
starPep_11539,0,1,2633,Peptide
starPep_11537,0,1,2632,Peptide
starPep_11536,0,1,2631,Peptide
starPep_11535,0,1,2630,Peptide
starPep_11520,0,1,2629,Peptide
starPep_11494,0,0,2628,Peptide
starPep_11493,0,0,2627,Peptide
starPep_11492,0,0,2626,Peptide
starPep_11491,0,0,2625,Peptide
starPep_11428,0,0,2624,Peptide
starPep_11427,0,0,2623,Peptide
starPep_11404,0,0,2622,Peptide
starPep_11319,0,0,2621,Peptide
starPep_11310,0,0,2620,Peptide
starPep_11308,0,0,2619,Peptide
starPep_11307,0,0,2618,Peptide
starPep_11305,0,0,2617,Peptide
starPep_11288,0,0,2616,Peptide
starPep_11262,0,0,2615,Peptide
starPep_11255,0,0,2614,Peptide
starPep_11254,0,0,2613,Peptide
starPep_11250,0,0,2612,Peptide
starPep_11249,0,0,2611,Peptide
starPep_11245,0,0,2610,Peptide
starPep_11244,0,0,2609,Peptide
starPep_11235,0,0,2608,Peptide
starPep_11216,0,0,2607,Peptide
starPep_11202,0,0,2606,Peptide
starPep_11195,0,0,2605,Peptide
starPep_11194,0,0,2604,Peptide
starPep_11193,0,0,2603,Peptide
starPep_11191,0,0,2602,Peptide
starPep_11190,0,0,2601,Peptide
starPep_11189,0,0,2600,Peptide
starPep_11188,0,0,2599,Peptide
starPep_11187,0,0,2598,Peptide
starPep_11186,0,0,2597,Peptide
starPep_11183,0,0,2596,Peptide
starPep_11182,0,0,2595,Peptide
starPep_11171,0,0,2594,Peptide
starPep_11143,0,0,2593,Peptide
starPep_11098,0,0,2592,Peptide
starPep_11097,0,0,2591,Peptide
starPep_11087,0,0,2590,Peptide
starPep_11086,0,0,2589,Peptide
starPep_11085,0,0,2588,Peptide
starPep_11084,0,0,2587,Peptide
starPep_11083,0,0,2586,Peptide
starPep_11082,0,0,2585,Peptide
starPep_11081,0,0,2584,Peptide
starPep_11080,0,0,2583,Peptide
starPep_11079,0,0,2582,Peptide
starPep_11078,0,0,2581,Peptide
starPep_11077,0,0,2580,Peptide
starPep_11076,0,0,2579,Peptide
starPep_11075,0,0,2578,Peptide
starPep_11074,0,0,2577,Peptide
starPep_11073,0,0,2576,Peptide
starPep_11071,0,0,2575,Peptide
starPep_11054,0,0,2574,Peptide
starPep_11053,0,0,2573,Peptide
starPep_11018,0,0,2572,Peptide
starPep_10931,0,0,2571,Peptide
starPep_10919,0,0,2570,Peptide
starPep_10900,0,0,2569,Peptide
starPep_10858,0,0,2568,Peptide
starPep_10857,0,0,2567,Peptide
starPep_10852,0,0,2566,Peptide
starPep_10851,0,0,2565,Peptide
starPep_10850,0,0,2564,Peptide
starPep_10845,0,0,2563,Peptide
starPep_10844,0,0,2562,Peptide
starPep_10802,0,0,2561,Peptide
starPep_10618,0,0,2560,Peptide
starPep_10590,0,0,2559,Peptide
starPep_10566,0,0,2558,Peptide
starPep_10560,0,0,2557,Peptide
starPep_10514,0,0,2556,Peptide
starPep_10487,0,0,2555,Peptide
starPep_10486,0,0,2554,Peptide
starPep_10420,0,0,2553,Peptide
starPep_10419,0,0,2552,Peptide
starPep_10418,0,0,2551,Peptide
starPep_10414,0,0,2550,Peptide
starPep_10407,0,0,2549,Peptide
starPep_10394,0,0,2548,Peptide
starPep_10364,0,0,2547,Peptide
starPep_10335,0,0,2546,Peptide
starPep_10306,0,0,2545,Peptide
starPep_10285,0,0,2544,Peptide
starPep_10264,0,0,2543,Peptide
starPep_10258,0,0,2542,Peptide
starPep_10252,0,0,2541,Peptide
starPep_10196,0,0,2540,Peptide
starPep_10195,0,0,2539,Peptide
starPep_10194,0,0,2538,Peptide
starPep_10193,0,0,2537,Peptide
starPep_10192,0,0,2536,Peptide
starPep_10191,0,0,2535,Peptide
starPep_10190,0,0,2534,Peptide
starPep_10189,0,0,2533,Peptide
starPep_10188,0,0,2532,Peptide
starPep_10187,0,0,2531,Peptide
starPep_10186,0,0,2530,Peptide
starPep_10185,0,0,2529,Peptide
starPep_10154,0,0,2528,Peptide
starPep_10153,0,0,2527,Peptide
starPep_10113,0,0,2526,Peptide
starPep_10016,0,0,2525,Peptide
starPep_10010,0,0,2524,Peptide
starPep_10001,0,0,2523,Peptide
starPep_09998,0,0,2522,Peptide
Synthetic construct,1650949.65,1060,1,Origin
starPep_09979,0,1,2520,Peptide
starPep_09959,0,0,2519,Peptide
starPep_09933,0,0,2518,Peptide
starPep_09930,0,0,2517,Peptide
starPep_09904,0,0,2516,Peptide
starPep_09900,0,0,2515,Peptide
starPep_09870,0,0,2514,Peptide
starPep_09860,0,0,2513,Peptide
starPep_09854,0,0,2512,Peptide
starPep_09825,0,0,2511,Peptide
starPep_09805,0,0,2510,Peptide
starPep_09804,0,1,2509,Peptide
starPep_09803,0,0,2508,Peptide
starPep_09802,0,0,2507,Peptide
starPep_09801,0,0,2506,Peptide
starPep_09800,0,1,2505,Peptide
starPep_09799,0,0,2504,Peptide
starPep_09761,0,0,2503,Peptide
starPep_09754,0,0,2502,Peptide
starPep_09753,0,0,2501,Peptide
starPep_09752,0,0,2500,Peptide
starPep_09741,0,0,2499,Peptide
starPep_09740,0,0,2498,Peptide
starPep_09738,0,0,2497,Peptide
starPep_09640,0,0,2496,Peptide
starPep_09633,0,0,2495,Peptide
starPep_09632,0,0,2494,Peptide
starPep_09615,0,0,2493,Peptide
starPep_09605,0,0,2492,Peptide
starPep_09604,0,0,2491,Peptide
starPep_09602,0,0,2490,Peptide
starPep_09600,0,0,2489,Peptide
starPep_09599,0,0,2488,Peptide
starPep_09598,0,0,2487,Peptide
starPep_09597,0,0,2486,Peptide
starPep_09595,0,0,2485,Peptide
starPep_09594,0,0,2484,Peptide
starPep_09593,0,0,2483,Peptide
starPep_09563,0,0,2482,Peptide
starPep_09561,0,0,2481,Peptide
starPep_09559,0,0,2480,Peptide
starPep_09558,0,0,2479,Peptide
starPep_09542,0,0,2478,Peptide
starPep_09539,0,1,2477,Peptide
starPep_09532,0,0,2476,Peptide
starPep_09482,0,0,2475,Peptide
starPep_09481,0,1,2474,Peptide
starPep_09431,0,0,2473,Peptide
starPep_09317,0,0,2472,Peptide
starPep_09316,0,0,2471,Peptide
starPep_09264,0,0,2470,Peptide
starPep_09263,0,0,2469,Peptide
starPep_09252,0,0,2468,Peptide
starPep_09251,0,0,2467,Peptide
starPep_09239,0,0,2466,Peptide
starPep_09225,0,0,2465,Peptide
starPep_09207,0,0,2464,Peptide
starPep_09100,0,0,2463,Peptide
Pelophylax esculentus,58926.65287,30,11,Origin
starPep_09094,0,1,2461,Peptide
Homo sapiens,42845.59885,27,19,Origin
starPep_09011,0,1,2459,Peptide
starPep_08971,0,0,2458,Peptide
starPep_08969,0,0,2457,Peptide
starPep_08913,0,0,2456,Peptide
starPep_08875,0,0,2455,Peptide
starPep_08874,0,0,2454,Peptide
starPep_08873,0,0,2453,Peptide
starPep_08748,0,0,2452,Peptide
starPep_08733,0,0,2451,Peptide
starPep_08715,0,0,2450,Peptide
starPep_08714,0,0,2449,Peptide
starPep_08662,0,0,2448,Peptide
starPep_08655,0,0,2447,Peptide
starPep_08654,0,0,2446,Peptide
starPep_08653,0,0,2445,Peptide
starPep_08652,0,0,2444,Peptide
starPep_08547,0,0,2443,Peptide
starPep_08543,0,0,2442,Peptide
starPep_08449,0,0,2441,Peptide
starPep_08417,0,0,2440,Peptide
starPep_08416,0,0,2439,Peptide
starPep_08415,0,0,2438,Peptide
starPep_08414,0,0,2437,Peptide
starPep_08413,0,0,2436,Peptide
starPep_08412,0,0,2435,Peptide
starPep_08411,0,0,2434,Peptide
starPep_08375,0,0,2433,Peptide
starPep_08360,0,0,2432,Peptide
starPep_08298,0,1,2431,Peptide
Odorrana grahami,80954.70833,22,7,Origin
starPep_08248,0,1,2429,Peptide
Viola odorata,33194.28301,20,27,Origin
starPep_08214,0,1,2427,Peptide
Bos taurus,45569.65534,18,16,Origin
starPep_08213,0,1,2425,Peptide
starPep_08212,0,1,2424,Peptide
starPep_08210,0,0,2423,Peptide
starPep_08194,0,0,2422,Peptide
starPep_08193,0,0,2421,Peptide
starPep_08164,0,0,2420,Peptide
starPep_08087,0,1,2419,Peptide
starPep_08086,0,1,2418,Peptide
starPep_08085,0,1,2417,Peptide
starPep_08084,0,1,2416,Peptide
starPep_08083,0,1,2415,Peptide
starPep_08081,0,1,2414,Peptide
starPep_08079,0,1,2413,Peptide
starPep_08041,0,1,2412,Peptide
starPep_08040,0,1,2411,Peptide
starPep_08022,0,1,2410,Peptide
starPep_08021,0,1,2409,Peptide
starPep_08016,0,1,2408,Peptide
starPep_08015,0,0,2407,Peptide
starPep_08014,0,1,2406,Peptide
starPep_08013,0,1,2405,Peptide
starPep_08009,0,1,2404,Peptide
starPep_08007,0,1,2403,Peptide
starPep_08006,0,1,2402,Peptide
starPep_08004,0,1,2401,Peptide
starPep_07998,0,1,2400,Peptide
starPep_07995,0,1,2399,Peptide
starPep_07962,0,1,2398,Peptide
starPep_07960,0,1,2397,Peptide
starPep_07948,0,1,2396,Peptide
starPep_07945,0,1,2395,Peptide
starPep_07939,0,1,2394,Peptide
starPep_07919,0,1,2393,Peptide
starPep_07918,0,1,2392,Peptide
starPep_07916,0,1,2391,Peptide
starPep_07909,0,1,2390,Peptide
starPep_07906,0,1,2389,Peptide
starPep_07905,0,1,2388,Peptide
starPep_07904,0,1,2387,Peptide
starPep_07903,0,1,2386,Peptide
starPep_07880,0,1,2385,Peptide
starPep_07878,0,1,2384,Peptide
starPep_07875,0,1,2383,Peptide
starPep_07874,0,1,2382,Peptide
starPep_07873,0,1,2381,Peptide
starPep_07868,0,1,2380,Peptide
starPep_07866,0,1,2379,Peptide
starPep_07863,0,1,2378,Peptide
starPep_07858,0,1,2377,Peptide
starPep_07857,0,1,2376,Peptide
starPep_07856,0,1,2375,Peptide
starPep_07855,0,1,2374,Peptide
starPep_07854,0,1,2373,Peptide
starPep_07853,0,1,2372,Peptide
starPep_07852,0,1,2371,Peptide
starPep_07851,0,1,2370,Peptide
starPep_07850,0,1,2369,Peptide
starPep_07848,0,1,2368,Peptide
starPep_07846,0,1,2367,Peptide
starPep_07843,0,0,2366,Peptide
starPep_07832,0,1,2365,Peptide
starPep_07827,0,1,2364,Peptide
starPep_07826,0,1,2363,Peptide
starPep_07825,0,1,2362,Peptide
starPep_07824,0,1,2361,Peptide
starPep_07823,0,1,2360,Peptide
starPep_07822,0,1,2359,Peptide
starPep_07821,0,1,2358,Peptide
starPep_07785,0,1,2357,Peptide
starPep_07784,0,1,2356,Peptide
starPep_07753,0,1,2355,Peptide
starPep_07749,0,1,2354,Peptide
starPep_07744,0,0,2353,Peptide
starPep_07743,0,1,2352,Peptide
starPep_07737,0,1,2351,Peptide
starPep_07736,0,1,2350,Peptide
starPep_07735,0,1,2349,Peptide
Odorrana andersonii,31688.06667,16,32,Origin
starPep_07700,0,1,2347,Peptide
starPep_07690,0,1,2346,Peptide
starPep_07682,0,1,2345,Peptide
starPep_07681,0,0,2344,Peptide
starPep_07675,0,1,2343,Peptide
starPep_07673,0,1,2342,Peptide
starPep_07670,0,1,2341,Peptide
starPep_07669,0,1,2340,Peptide
starPep_07631,0,1,2339,Peptide
starPep_07630,0,1,2338,Peptide
starPep_07629,0,1,2337,Peptide
starPep_07628,0,1,2336,Peptide
starPep_07614,0,1,2335,Peptide
starPep_07604,0,1,2334,Peptide
starPep_07603,0,1,2333,Peptide
starPep_07559,0,1,2332,Peptide
starPep_07558,0,1,2331,Peptide
starPep_07557,0,1,2330,Peptide
starPep_07544,0,1,2329,Peptide
starPep_07521,0,1,2328,Peptide
starPep_07520,0,1,2327,Peptide
starPep_07519,0,1,2326,Peptide
starPep_07518,0,1,2325,Peptide
starPep_07504,0,1,2324,Peptide
starPep_07502,0,1,2323,Peptide
starPep_07494,0,1,2322,Peptide
starPep_07469,0,1,2321,Peptide
starPep_07429,0,0,2320,Peptide
starPep_07427,0,1,2319,Peptide
starPep_07426,0,1,2318,Peptide
starPep_07425,0,1,2317,Peptide
starPep_07423,0,1,2316,Peptide
starPep_07422,0,1,2315,Peptide
starPep_07421,0,1,2314,Peptide
starPep_07420,0,1,2313,Peptide
starPep_07419,0,1,2312,Peptide
starPep_07418,0,1,2311,Peptide
starPep_07417,0,1,2310,Peptide
starPep_07416,0,1,2309,Peptide
starPep_07409,0,1,2308,Peptide
starPep_07408,0,1,2307,Peptide
starPep_07401,0,1,2306,Peptide
starPep_07400,0,1,2305,Peptide
starPep_07399,0,1,2304,Peptide
starPep_07398,0,1,2303,Peptide
starPep_07321,0,1,2302,Peptide
starPep_07316,0,1,2301,Peptide
starPep_07311,0,1,2300,Peptide
starPep_07308,0,1,2299,Peptide
starPep_07290,0,1,2298,Peptide
starPep_07276,0,1,2297,Peptide
starPep_07215,0,1,2296,Peptide
starPep_07208,0,1,2295,Peptide
starPep_07194,0,1,2294,Peptide
starPep_07193,0,1,2293,Peptide
starPep_07192,0,1,2292,Peptide
starPep_07191,0,1,2291,Peptide
starPep_07190,0,1,2290,Peptide
starPep_07189,0,1,2289,Peptide
starPep_07188,0,1,2288,Peptide
starPep_07187,0,1,2287,Peptide
starPep_07184,0,1,2286,Peptide
starPep_07183,0,1,2285,Peptide
starPep_07163,0,1,2284,Peptide
starPep_07151,0,1,2283,Peptide
starPep_07121,0,1,2282,Peptide
starPep_07051,0,1,2281,Peptide
starPep_07050,0,1,2280,Peptide
starPep_06974,0,1,2279,Peptide
starPep_06954,0,1,2278,Peptide
starPep_06945,0,1,2277,Peptide
starPep_06944,0,1,2276,Peptide
starPep_06862,0,1,2275,Peptide
starPep_06861,0,1,2274,Peptide
starPep_06844,0,1,2273,Peptide
starPep_06837,0,1,2272,Peptide
starPep_06832,0,1,2271,Peptide
starPep_06831,0,1,2270,Peptide
starPep_06830,0,1,2269,Peptide
starPep_06828,0,1,2268,Peptide
starPep_06827,0,1,2267,Peptide
starPep_06824,0,1,2266,Peptide
starPep_06823,0,1,2265,Peptide
starPep_06822,0,1,2264,Peptide
starPep_06821,0,1,2263,Peptide
starPep_06817,0,1,2262,Peptide
starPep_06816,0,1,2261,Peptide
starPep_06794,0,1,2260,Peptide
starPep_06789,0,1,2259,Peptide
starPep_06767,0,1,2258,Peptide
starPep_06762,0,1,2257,Peptide
starPep_06761,0,1,2256,Peptide
starPep_06733,0,1,2255,Peptide
starPep_06722,0,0,2254,Peptide
starPep_06716,0,1,2253,Peptide
starPep_06690,0,1,2252,Peptide
starPep_06687,0,0,2251,Peptide
starPep_06686,0,0,2250,Peptide
starPep_06655,0,1,2249,Peptide
starPep_06654,0,1,2248,Peptide
starPep_06653,0,1,2247,Peptide
starPep_06652,0,1,2246,Peptide
starPep_06651,0,1,2245,Peptide
starPep_06650,0,1,2244,Peptide
starPep_06649,0,1,2243,Peptide
starPep_06648,0,1,2242,Peptide
starPep_06647,0,1,2241,Peptide
starPep_06646,0,1,2240,Peptide
starPep_06645,0,1,2239,Peptide
starPep_06644,0,1,2238,Peptide
starPep_06643,0,1,2237,Peptide
starPep_06642,0,1,2236,Peptide
starPep_06641,0,1,2235,Peptide
starPep_06639,0,1,2234,Peptide
starPep_06629,0,1,2233,Peptide
starPep_06628,0,1,2232,Peptide
starPep_06627,0,1,2231,Peptide
starPep_06625,0,1,2230,Peptide
starPep_06624,0,1,2229,Peptide
starPep_06622,0,1,2228,Peptide
starPep_06621,0,1,2227,Peptide
starPep_06620,0,1,2226,Peptide
starPep_06619,0,1,2225,Peptide
starPep_06618,0,1,2224,Peptide
starPep_06617,0,1,2223,Peptide
starPep_06616,0,1,2222,Peptide
starPep_06615,0,1,2221,Peptide
starPep_06605,0,1,2220,Peptide
starPep_06604,0,1,2219,Peptide
starPep_06603,0,1,2218,Peptide
starPep_06601,0,1,2217,Peptide
starPep_06600,0,1,2216,Peptide
starPep_06590,0,1,2215,Peptide
starPep_06588,0,1,2214,Peptide
starPep_06586,0,1,2213,Peptide
starPep_06585,0,1,2212,Peptide
starPep_06577,0,1,2211,Peptide
starPep_06576,0,1,2210,Peptide
starPep_06572,0,1,2209,Peptide
starPep_06551,0,1,2208,Peptide
starPep_06550,0,1,2207,Peptide
starPep_06549,0,1,2206,Peptide
starPep_06544,0,1,2205,Peptide
starPep_06542,0,1,2204,Peptide
starPep_06540,0,1,2203,Peptide
starPep_06536,0,1,2202,Peptide
starPep_06534,0,0,2201,Peptide
starPep_06533,0,1,2200,Peptide
starPep_06532,0,1,2199,Peptide
starPep_06531,0,1,2198,Peptide
starPep_06530,0,1,2197,Peptide
starPep_06529,0,1,2196,Peptide
starPep_06528,0,1,2195,Peptide
starPep_06523,0,1,2194,Peptide
starPep_06522,0,1,2193,Peptide
starPep_06514,0,1,2192,Peptide
starPep_06510,0,1,2191,Peptide
starPep_06505,0,1,2190,Peptide
starPep_06504,0,1,2189,Peptide
starPep_06500,0,1,2188,Peptide
starPep_06498,0,1,2187,Peptide
starPep_06497,0,1,2186,Peptide
starPep_06496,0,1,2185,Peptide
starPep_06494,0,1,2184,Peptide
starPep_06493,0,1,2183,Peptide
starPep_06492,0,1,2182,Peptide
starPep_06487,0,1,2181,Peptide
starPep_06486,0,1,2180,Peptide
starPep_06485,0,1,2179,Peptide
starPep_06479,0,1,2178,Peptide
starPep_06469,0,1,2177,Peptide
starPep_06467,0,1,2176,Peptide
starPep_06466,0,1,2175,Peptide
starPep_06465,0,1,2174,Peptide
starPep_06464,0,1,2173,Peptide
starPep_06462,0,1,2172,Peptide
starPep_06460,0,1,2171,Peptide
starPep_06458,0,1,2170,Peptide
starPep_06457,0,1,2169,Peptide
starPep_06451,0,1,2168,Peptide
starPep_06449,0,1,2167,Peptide
starPep_06448,0,1,2166,Peptide
starPep_06447,0,1,2165,Peptide
starPep_06446,0,1,2164,Peptide
starPep_06445,0,1,2163,Peptide
starPep_06444,0,1,2162,Peptide
starPep_06443,0,1,2161,Peptide
starPep_06442,0,1,2160,Peptide
starPep_06441,0,1,2159,Peptide
starPep_06440,0,1,2158,Peptide
starPep_06439,0,1,2157,Peptide
starPep_06438,0,1,2156,Peptide
starPep_06437,0,1,2155,Peptide
starPep_06436,0,1,2154,Peptide
starPep_06435,0,1,2153,Peptide
starPep_06434,0,1,2152,Peptide
starPep_06433,0,1,2151,Peptide
starPep_06432,0,1,2150,Peptide
starPep_06431,0,1,2149,Peptide
starPep_06430,0,1,2148,Peptide
starPep_06429,0,1,2147,Peptide
starPep_06428,0,1,2146,Peptide
starPep_06424,0,0,2145,Peptide
starPep_06422,0,1,2144,Peptide
starPep_06421,0,1,2143,Peptide
starPep_06419,0,0,2142,Peptide
starPep_06418,0,1,2141,Peptide
starPep_06417,0,1,2140,Peptide
starPep_06416,0,1,2139,Peptide
starPep_06415,0,1,2138,Peptide
starPep_06414,0,1,2137,Peptide
starPep_06412,0,1,2136,Peptide
starPep_06408,0,1,2135,Peptide
starPep_06407,0,1,2134,Peptide
starPep_06406,0,1,2133,Peptide
starPep_06376,0,1,2132,Peptide
starPep_06375,0,1,2131,Peptide
starPep_06369,0,1,2130,Peptide
starPep_06365,0,1,2129,Peptide
starPep_06360,0,1,2128,Peptide
starPep_06353,0,1,2127,Peptide
starPep_06345,0,1,2126,Peptide
starPep_06344,0,1,2125,Peptide
starPep_06343,0,1,2124,Peptide
starPep_06342,0,1,2123,Peptide
starPep_06341,0,1,2122,Peptide
starPep_06340,0,1,2121,Peptide
starPep_06339,0,1,2120,Peptide
starPep_06338,0,1,2119,Peptide
starPep_06337,0,1,2118,Peptide
starPep_06336,0,1,2117,Peptide
starPep_06335,0,1,2116,Peptide
starPep_06321,0,1,2115,Peptide
starPep_06302,0,1,2114,Peptide
starPep_06301,0,1,2113,Peptide
starPep_06300,0,1,2112,Peptide
starPep_06299,0,1,2111,Peptide
starPep_06298,0,1,2110,Peptide
starPep_06297,0,1,2109,Peptide
starPep_06295,0,1,2108,Peptide
starPep_06293,0,1,2107,Peptide
starPep_06292,0,1,2106,Peptide
starPep_06291,0,1,2105,Peptide
starPep_06290,0,1,2104,Peptide
starPep_06289,0,1,2103,Peptide
starPep_06288,0,1,2102,Peptide
starPep_06286,0,1,2101,Peptide
starPep_06285,0,1,2100,Peptide
starPep_06284,0,1,2099,Peptide
starPep_06283,0,1,2098,Peptide
starPep_06282,0,1,2097,Peptide
starPep_06281,0,1,2096,Peptide
starPep_06276,0,1,2095,Peptide
starPep_06273,0,1,2094,Peptide
starPep_06266,0,0,2093,Peptide
starPep_06256,0,1,2092,Peptide
starPep_06254,0,1,2091,Peptide
starPep_06251,0,1,2090,Peptide
starPep_06250,0,1,2089,Peptide
starPep_06248,0,1,2088,Peptide
starPep_06247,0,1,2087,Peptide
starPep_06246,0,1,2086,Peptide
starPep_06245,0,1,2085,Peptide
starPep_06244,0,1,2084,Peptide
starPep_06243,0,1,2083,Peptide
starPep_06242,0,1,2082,Peptide
starPep_06240,0,1,2081,Peptide
starPep_06239,0,1,2080,Peptide
starPep_06237,0,1,2079,Peptide
starPep_06236,0,1,2078,Peptide
starPep_06235,0,1,2077,Peptide
starPep_06234,0,1,2076,Peptide
starPep_06233,0,1,2075,Peptide
starPep_06232,0,1,2074,Peptide
starPep_06231,0,1,2073,Peptide
starPep_06230,0,1,2072,Peptide
starPep_06229,0,1,2071,Peptide
starPep_06228,0,1,2070,Peptide
starPep_06227,0,1,2069,Peptide
starPep_06226,0,1,2068,Peptide
starPep_06225,0,1,2067,Peptide
starPep_06217,0,1,2066,Peptide
starPep_06213,0,1,2065,Peptide
starPep_06209,0,1,2064,Peptide
starPep_06208,0,1,2063,Peptide
starPep_06207,0,1,2062,Peptide
starPep_06204,0,1,2061,Peptide
starPep_06203,0,1,2060,Peptide
starPep_06194,0,1,2059,Peptide
starPep_06191,0,1,2058,Peptide
starPep_06190,0,1,2057,Peptide
starPep_06189,0,1,2056,Peptide
starPep_06175,0,1,2055,Peptide
starPep_06146,0,1,2054,Peptide
starPep_06145,0,1,2053,Peptide
starPep_06141,0,1,2052,Peptide
starPep_06140,0,1,2051,Peptide
starPep_06139,0,1,2050,Peptide
starPep_06136,0,1,2049,Peptide
starPep_06135,0,1,2048,Peptide
starPep_06134,0,1,2047,Peptide
starPep_06127,0,1,2046,Peptide
starPep_06115,0,1,2045,Peptide
starPep_06102,0,1,2044,Peptide
starPep_06101,0,1,2043,Peptide
starPep_06100,0,0,2042,Peptide
starPep_06097,0,0,2041,Peptide
starPep_06096,0,0,2040,Peptide
starPep_06066,0,1,2039,Peptide
starPep_06064,0,1,2038,Peptide
starPep_06054,0,1,2037,Peptide
starPep_06053,0,1,2036,Peptide
starPep_06052,0,1,2035,Peptide
starPep_06051,0,1,2034,Peptide
starPep_06050,0,1,2033,Peptide
starPep_06048,0,1,2032,Peptide
starPep_06047,0,1,2031,Peptide
starPep_06046,0,1,2030,Peptide
starPep_06045,0,1,2029,Peptide
starPep_06044,0,1,2028,Peptide
starPep_06042,0,1,2027,Peptide
starPep_06040,0,1,2026,Peptide
starPep_06039,0,1,2025,Peptide
starPep_06036,0,1,2024,Peptide
starPep_06035,0,1,2023,Peptide
starPep_06034,0,1,2022,Peptide
starPep_06033,0,1,2021,Peptide
starPep_06032,0,1,2020,Peptide
starPep_06031,0,1,2019,Peptide
starPep_06030,0,1,2018,Peptide
starPep_05993,0,1,2017,Peptide
starPep_05985,0,1,2016,Peptide
starPep_05984,0,1,2015,Peptide
starPep_05983,0,1,2014,Peptide
starPep_05982,0,1,2013,Peptide
starPep_05981,0,1,2012,Peptide
starPep_05980,0,1,2011,Peptide
starPep_05979,0,1,2010,Peptide
starPep_05978,0,1,2009,Peptide
starPep_05977,0,1,2008,Peptide
starPep_05976,0,1,2007,Peptide
starPep_05975,0,1,2006,Peptide
starPep_05974,0,0,2005,Peptide
starPep_05963,0,1,2004,Peptide
starPep_05962,0,1,2003,Peptide
starPep_05961,0,1,2002,Peptide
starPep_05960,0,1,2001,Peptide
starPep_05942,0,1,2000,Peptide
starPep_05882,0,1,1999,Peptide
starPep_05880,0,1,1998,Peptide
starPep_05869,0,1,1997,Peptide
starPep_05861,0,1,1996,Peptide
starPep_05859,0,1,1995,Peptide
starPep_05855,0,0,1994,Peptide
starPep_05850,0,1,1993,Peptide
starPep_05849,0,0,1992,Peptide
starPep_05848,0,1,1991,Peptide
starPep_05847,0,1,1990,Peptide
starPep_05846,0,1,1989,Peptide
starPep_05845,0,1,1988,Peptide
starPep_05844,0,1,1987,Peptide
starPep_05843,0,1,1986,Peptide
starPep_05837,0,1,1985,Peptide
starPep_05819,0,1,1984,Peptide
starPep_05810,0,1,1983,Peptide
starPep_05804,0,1,1982,Peptide
starPep_05794,0,1,1981,Peptide
starPep_05789,0,1,1980,Peptide
starPep_05783,0,1,1979,Peptide
starPep_05767,0,1,1978,Peptide
starPep_05766,0,1,1977,Peptide
starPep_05764,0,1,1976,Peptide
starPep_05758,0,1,1975,Peptide
starPep_05755,0,1,1974,Peptide
starPep_05751,0,1,1973,Peptide
starPep_05750,0,1,1972,Peptide
starPep_05749,0,1,1971,Peptide
starPep_05748,0,1,1970,Peptide
starPep_05747,0,1,1969,Peptide
starPep_05746,0,1,1968,Peptide
starPep_05745,0,0,1967,Peptide
starPep_05744,0,1,1966,Peptide
starPep_05743,0,1,1965,Peptide
starPep_05742,0,1,1964,Peptide
starPep_05741,0,1,1963,Peptide
starPep_05740,0,1,1962,Peptide
starPep_05739,0,1,1961,Peptide
starPep_05738,0,1,1960,Peptide
starPep_05736,0,1,1959,Peptide
starPep_05735,0,1,1958,Peptide
starPep_05734,0,1,1957,Peptide
starPep_05733,0,1,1956,Peptide
starPep_05732,0,1,1955,Peptide
starPep_05731,0,1,1954,Peptide
starPep_05730,0,1,1953,Peptide
starPep_05729,0,1,1952,Peptide
starPep_05715,0,1,1951,Peptide
starPep_05714,0,1,1950,Peptide
starPep_05713,0,1,1949,Peptide
starPep_05712,0,1,1948,Peptide
starPep_05711,0,1,1947,Peptide
starPep_05710,0,1,1946,Peptide
starPep_05709,0,1,1945,Peptide
starPep_05708,0,1,1944,Peptide
starPep_05698,0,1,1943,Peptide
starPep_05697,0,0,1942,Peptide
starPep_05696,0,1,1941,Peptide
starPep_05695,0,1,1940,Peptide
starPep_05694,0,1,1939,Peptide
starPep_05693,0,1,1938,Peptide
starPep_05692,0,1,1937,Peptide
starPep_05686,0,1,1936,Peptide
starPep_05681,0,1,1935,Peptide
starPep_05680,0,1,1934,Peptide
starPep_05679,0,1,1933,Peptide
starPep_05678,0,1,1932,Peptide
starPep_05677,0,1,1931,Peptide
starPep_05640,0,1,1930,Peptide
starPep_05638,0,1,1929,Peptide
starPep_05635,0,1,1928,Peptide
starPep_05634,0,1,1927,Peptide
starPep_05633,0,1,1926,Peptide
starPep_05632,0,1,1925,Peptide
starPep_05631,0,1,1924,Peptide
starPep_05628,0,1,1923,Peptide
starPep_05623,0,1,1922,Peptide
starPep_05620,0,0,1921,Peptide
starPep_05619,0,0,1920,Peptide
starPep_05613,0,0,1919,Peptide
starPep_05612,0,1,1918,Peptide
starPep_05610,0,1,1917,Peptide
starPep_05609,0,1,1916,Peptide
starPep_05608,0,1,1915,Peptide
starPep_05607,0,0,1914,Peptide
starPep_05586,0,1,1913,Peptide
starPep_05584,0,1,1912,Peptide
starPep_05582,0,1,1911,Peptide
starPep_05580,0,1,1910,Peptide
starPep_05579,0,1,1909,Peptide
starPep_05578,0,1,1908,Peptide
starPep_05577,0,1,1907,Peptide
starPep_05576,0,1,1906,Peptide
starPep_05574,0,1,1905,Peptide
starPep_05573,0,1,1904,Peptide
starPep_05566,0,1,1903,Peptide
starPep_05564,0,1,1902,Peptide
starPep_05563,0,1,1901,Peptide
starPep_05562,0,1,1900,Peptide
starPep_05540,0,1,1899,Peptide
starPep_05527,0,1,1898,Peptide
Hylarana spinulosa,169,14,557,Origin
starPep_05526,0,1,1896,Peptide
starPep_05525,0,1,1895,Peptide
starPep_05522,0,1,1894,Peptide
starPep_05521,0,1,1893,Peptide
starPep_05520,0,1,1892,Peptide
starPep_05519,0,1,1891,Peptide
starPep_05518,0,1,1890,Peptide
starPep_05516,0,1,1889,Peptide
starPep_05515,0,1,1888,Peptide
starPep_05514,0,1,1887,Peptide
starPep_05513,0,1,1886,Peptide
starPep_05512,0,1,1885,Peptide
starPep_05511,0,1,1884,Peptide
starPep_05510,0,1,1883,Peptide
starPep_05509,0,1,1882,Peptide
starPep_05508,0,1,1881,Peptide
starPep_05507,0,1,1880,Peptide
starPep_05506,0,1,1879,Peptide
starPep_05502,0,1,1878,Peptide
starPep_05501,0,1,1877,Peptide
starPep_05500,0,1,1876,Peptide
starPep_05499,0,1,1875,Peptide
starPep_05498,0,1,1874,Peptide
starPep_05497,0,1,1873,Peptide
starPep_05496,0,1,1872,Peptide
starPep_05481,0,1,1871,Peptide
starPep_05477,0,1,1870,Peptide
starPep_05476,0,1,1869,Peptide
starPep_05475,0,1,1868,Peptide
starPep_05473,0,1,1867,Peptide
starPep_05472,0,1,1866,Peptide
starPep_05469,0,1,1865,Peptide
starPep_05468,0,1,1864,Peptide
starPep_05467,0,1,1863,Peptide
starPep_05464,0,1,1862,Peptide
starPep_05460,0,0,1861,Peptide
starPep_05456,0,1,1860,Peptide
starPep_05455,0,1,1859,Peptide
starPep_05452,0,1,1858,Peptide
starPep_05443,0,1,1857,Peptide
starPep_05442,0,1,1856,Peptide
starPep_05441,0,1,1855,Peptide
starPep_05440,0,1,1854,Peptide
starPep_05439,0,1,1853,Peptide
starPep_05438,0,1,1852,Peptide
starPep_05437,0,1,1851,Peptide
starPep_05436,0,1,1850,Peptide
starPep_05435,0,1,1849,Peptide
starPep_05425,0,1,1848,Peptide
starPep_05424,0,1,1847,Peptide
starPep_05422,0,1,1846,Peptide
starPep_05420,0,1,1845,Peptide
starPep_05415,0,1,1844,Peptide
starPep_05404,0,1,1843,Peptide
starPep_05403,0,0,1842,Peptide
starPep_05401,0,1,1841,Peptide
starPep_05396,0,1,1840,Peptide
starPep_05395,0,1,1839,Peptide
starPep_05394,0,1,1838,Peptide
starPep_05393,0,1,1837,Peptide
starPep_05392,0,1,1836,Peptide
starPep_05391,0,1,1835,Peptide
starPep_05390,0,1,1834,Peptide
starPep_05389,0,1,1833,Peptide
starPep_05387,0,1,1832,Peptide
starPep_05379,0,1,1831,Peptide
starPep_05377,0,1,1830,Peptide
starPep_05365,0,1,1829,Peptide
starPep_05352,0,1,1828,Peptide
starPep_05344,0,1,1827,Peptide
starPep_05341,0,1,1826,Peptide
starPep_05340,0,1,1825,Peptide
starPep_05339,0,1,1824,Peptide
starPep_05338,0,1,1823,Peptide
starPep_05337,0,1,1822,Peptide
starPep_05336,0,1,1821,Peptide
starPep_05331,0,1,1820,Peptide
starPep_05328,0,1,1819,Peptide
starPep_05304,0,1,1818,Peptide
starPep_05303,0,0,1817,Peptide
starPep_05296,0,1,1816,Peptide
starPep_05295,0,1,1815,Peptide
starPep_05294,0,1,1814,Peptide
starPep_05280,0,1,1813,Peptide
starPep_05279,0,1,1812,Peptide
starPep_05278,0,1,1811,Peptide
starPep_05275,0,1,1810,Peptide
starPep_05274,0,1,1809,Peptide
starPep_05273,0,1,1808,Peptide
starPep_05266,0,1,1807,Peptide
starPep_05264,0,0,1806,Peptide
starPep_05263,0,0,1805,Peptide
starPep_05255,0,1,1804,Peptide
starPep_05254,0,1,1803,Peptide
starPep_05253,0,1,1802,Peptide
starPep_05252,0,1,1801,Peptide
starPep_05249,0,1,1800,Peptide
starPep_05248,0,1,1799,Peptide
starPep_05237,0,1,1798,Peptide
starPep_05220,0,1,1797,Peptide
starPep_05216,0,1,1796,Peptide
starPep_05213,0,1,1795,Peptide
starPep_05207,0,1,1794,Peptide
starPep_05201,0,1,1793,Peptide
starPep_05200,0,1,1792,Peptide
starPep_05189,0,1,1791,Peptide
starPep_05188,0,1,1790,Peptide
starPep_05187,0,1,1789,Peptide
Sus scrofa,12854.60131,13,99,Origin
starPep_05167,0,1,1787,Peptide
starPep_05145,0,1,1786,Peptide
starPep_05142,0,1,1785,Peptide
starPep_05141,0,1,1784,Peptide
starPep_05140,0,1,1783,Peptide
starPep_05139,0,1,1782,Peptide
starPep_05138,0,1,1781,Peptide
starPep_05136,0,1,1780,Peptide
starPep_05134,0,1,1779,Peptide
starPep_05132,0,1,1778,Peptide
starPep_05131,0,1,1777,Peptide
starPep_05121,0,1,1776,Peptide
starPep_05120,0,1,1775,Peptide
starPep_05112,0,1,1774,Peptide
starPep_05111,0,0,1773,Peptide
starPep_05110,0,1,1772,Peptide
starPep_05109,0,1,1771,Peptide
starPep_05108,0,1,1770,Peptide
starPep_05107,0,1,1769,Peptide
starPep_05106,0,1,1768,Peptide
starPep_05105,0,1,1767,Peptide
starPep_05104,0,1,1766,Peptide
starPep_05101,0,1,1765,Peptide
starPep_05095,0,0,1764,Peptide
starPep_05088,0,1,1763,Peptide
starPep_05087,0,1,1762,Peptide
starPep_05086,0,1,1761,Peptide
starPep_05083,0,1,1760,Peptide
starPep_05082,0,1,1759,Peptide
starPep_05020,0,1,1758,Peptide
starPep_05019,0,1,1757,Peptide
starPep_05018,0,1,1756,Peptide
starPep_05017,0,1,1755,Peptide
starPep_05016,0,1,1754,Peptide
starPep_05013,0,1,1753,Peptide
starPep_05012,0,1,1752,Peptide
starPep_05011,0,1,1751,Peptide
starPep_05010,0,1,1750,Peptide
starPep_05009,0,1,1749,Peptide
starPep_05006,0,1,1748,Peptide
starPep_04997,0,1,1747,Peptide
starPep_04996,0,1,1746,Peptide
starPep_04995,0,1,1745,Peptide
starPep_04994,0,1,1744,Peptide
starPep_04993,0,1,1743,Peptide
starPep_04992,0,1,1742,Peptide
starPep_04991,0,1,1741,Peptide
starPep_04990,0,1,1740,Peptide
starPep_04989,0,1,1739,Peptide
starPep_04988,0,1,1738,Peptide
starPep_04986,0,0,1737,Peptide
starPep_04985,0,0,1736,Peptide
starPep_04984,0,1,1735,Peptide
starPep_04981,0,1,1734,Peptide
starPep_04960,0,0,1733,Peptide
Oldenlandia affinis,24360.97078,13,52,Origin
starPep_04926,0,1,1731,Peptide
Xenopus laevis,32138.08333,13,31,Origin
starPep_04925,0,1,1729,Peptide
Rana temporaria,38978.54366,13,21,Origin
starPep_04923,0,1,1727,Peptide
starPep_04922,0,1,1726,Peptide
Lachesana tarabaevi,75,12,578,Origin
starPep_04921,0,1,1724,Peptide
starPep_04920,0,1,1723,Peptide
Pachycondyla goeldii,20086,12,60,Origin
starPep_04919,0,1,1721,Peptide
starPep_04896,0,1,1720,Peptide
starPep_04890,0,1,1719,Peptide
starPep_04889,0,1,1718,Peptide
starPep_04884,0,1,1717,Peptide
starPep_04873,0,1,1716,Peptide
starPep_04863,0,1,1715,Peptide
starPep_04862,0,1,1714,Peptide
starPep_04861,0,1,1713,Peptide
starPep_04860,0,1,1712,Peptide
starPep_04859,0,1,1711,Peptide
starPep_04858,0,1,1710,Peptide
starPep_04857,0,1,1709,Peptide
starPep_04856,0,1,1708,Peptide
starPep_04855,0,1,1707,Peptide
starPep_04852,0,1,1706,Peptide
starPep_04840,0,1,1705,Peptide
starPep_04837,0,1,1704,Peptide
starPep_04836,0,1,1703,Peptide
starPep_04835,0,1,1702,Peptide
starPep_04825,0,1,1701,Peptide
starPep_04822,0,1,1700,Peptide
starPep_04817,0,1,1699,Peptide
starPep_04813,0,0,1698,Peptide
starPep_04802,0,1,1697,Peptide
starPep_04796,0,1,1696,Peptide
starPep_04788,0,1,1695,Peptide
starPep_04787,0,1,1694,Peptide
starPep_04786,0,1,1693,Peptide
starPep_04785,0,1,1692,Peptide
starPep_04784,0,1,1691,Peptide
starPep_04783,0,1,1690,Peptide
starPep_04782,0,1,1689,Peptide
starPep_04781,0,1,1688,Peptide
starPep_04780,0,1,1687,Peptide
starPep_04779,0,1,1686,Peptide
starPep_04778,0,1,1685,Peptide
starPep_04777,0,1,1684,Peptide
starPep_04776,0,1,1683,Peptide
starPep_04768,0,1,1682,Peptide
starPep_04767,0,1,1681,Peptide
starPep_04762,0,1,1680,Peptide
starPep_04758,0,1,1679,Peptide
starPep_04757,0,1,1678,Peptide
starPep_04730,0,1,1677,Peptide
starPep_04710,0,1,1676,Peptide
starPep_04707,0,1,1675,Peptide
starPep_04689,0,1,1674,Peptide
starPep_04679,0,1,1673,Peptide
starPep_04677,0,0,1672,Peptide
starPep_04652,0,1,1671,Peptide
starPep_04651,0,1,1670,Peptide
starPep_04650,0,1,1669,Peptide
starPep_04608,0,1,1668,Peptide
starPep_04594,0,1,1667,Peptide
starPep_04587,0,1,1666,Peptide
starPep_04583,0,1,1665,Peptide
starPep_04582,0,1,1664,Peptide
starPep_04537,0,0,1663,Peptide
starPep_04493,0,0,1662,Peptide
starPep_04474,0,1,1661,Peptide
starPep_04473,0,1,1660,Peptide
starPep_04469,0,1,1659,Peptide
starPep_04447,0,1,1658,Peptide
starPep_04435,0,1,1657,Peptide
starPep_04434,0,1,1656,Peptide
starPep_04424,0,1,1655,Peptide
starPep_04422,0,1,1654,Peptide
starPep_04421,0,1,1653,Peptide
starPep_04420,0,1,1652,Peptide
starPep_04419,0,1,1651,Peptide
starPep_04418,0,1,1650,Peptide
starPep_04417,0,1,1649,Peptide
starPep_04416,0,1,1648,Peptide
starPep_04415,0,1,1647,Peptide
starPep_04414,0,1,1646,Peptide
starPep_04412,0,1,1645,Peptide
starPep_04411,0,1,1644,Peptide
starPep_04401,0,1,1643,Peptide
starPep_04400,0,1,1642,Peptide
starPep_04399,0,1,1641,Peptide
starPep_04398,0,1,1640,Peptide
starPep_04397,0,1,1639,Peptide
starPep_04395,0,1,1638,Peptide
starPep_04394,0,1,1637,Peptide
starPep_04393,0,1,1636,Peptide
starPep_04392,0,1,1635,Peptide
starPep_04391,0,1,1634,Peptide
starPep_04390,0,1,1633,Peptide
starPep_04366,0,1,1632,Peptide
starPep_04361,0,1,1631,Peptide
starPep_04360,0,1,1630,Peptide
starPep_04359,0,1,1629,Peptide
starPep_04358,0,1,1628,Peptide
starPep_04357,0,1,1627,Peptide
starPep_04353,0,1,1626,Peptide
starPep_04349,0,1,1625,Peptide
starPep_04346,0,1,1624,Peptide
starPep_04339,0,1,1623,Peptide
starPep_04338,0,1,1622,Peptide
starPep_04315,0,1,1621,Peptide
starPep_04313,0,1,1620,Peptide
starPep_04312,0,1,1619,Peptide
starPep_04310,0,1,1618,Peptide
starPep_04305,0,1,1617,Peptide
starPep_04298,0,1,1616,Peptide
starPep_04297,0,1,1615,Peptide
starPep_04296,0,1,1614,Peptide
starPep_04295,0,1,1613,Peptide
starPep_04294,0,1,1612,Peptide
starPep_04293,0,1,1611,Peptide
starPep_04292,0,1,1610,Peptide
starPep_04287,0,1,1609,Peptide
starPep_04286,0,1,1608,Peptide
starPep_04284,0,1,1607,Peptide
starPep_04280,0,1,1606,Peptide
starPep_04279,0,1,1605,Peptide
starPep_04278,0,1,1604,Peptide
starPep_04277,0,1,1603,Peptide
starPep_04276,0,1,1602,Peptide
starPep_04275,0,1,1601,Peptide
starPep_04274,0,1,1600,Peptide
starPep_04273,0,1,1599,Peptide
starPep_04272,0,1,1598,Peptide
starPep_04271,0,1,1597,Peptide
starPep_04270,0,1,1596,Peptide
starPep_04269,0,1,1595,Peptide
starPep_04268,0,1,1594,Peptide
starPep_04266,0,1,1593,Peptide
starPep_04265,0,1,1592,Peptide
starPep_04264,0,1,1591,Peptide
starPep_04262,0,1,1590,Peptide
starPep_04261,0,1,1589,Peptide
starPep_04260,0,1,1588,Peptide
starPep_04258,0,1,1587,Peptide
starPep_04257,0,1,1586,Peptide
starPep_04254,0,1,1585,Peptide
starPep_04247,0,1,1584,Peptide
starPep_04243,0,1,1583,Peptide
starPep_04241,0,1,1582,Peptide
starPep_04240,0,1,1581,Peptide
starPep_04225,0,1,1580,Peptide
starPep_04224,0,1,1579,Peptide
starPep_04223,0,1,1578,Peptide
starPep_04222,0,1,1577,Peptide
starPep_04207,0,1,1576,Peptide
starPep_04206,0,1,1575,Peptide
starPep_04205,0,1,1574,Peptide
starPep_04204,0,1,1573,Peptide
starPep_04203,0,1,1572,Peptide
starPep_04202,0,1,1571,Peptide
starPep_04201,0,1,1570,Peptide
starPep_04199,0,1,1569,Peptide
starPep_04198,0,1,1568,Peptide
starPep_04197,0,1,1567,Peptide
starPep_04196,0,1,1566,Peptide
starPep_04195,0,1,1565,Peptide
starPep_04194,0,1,1564,Peptide
starPep_04193,0,1,1563,Peptide
starPep_04192,0,1,1562,Peptide
starPep_04191,0,1,1561,Peptide
starPep_04190,0,1,1560,Peptide
starPep_04189,0,1,1559,Peptide
starPep_04188,0,1,1558,Peptide
starPep_04185,0,1,1557,Peptide
starPep_04184,0,1,1556,Peptide
starPep_04183,0,1,1555,Peptide
starPep_04182,0,1,1554,Peptide
starPep_04181,0,1,1553,Peptide
starPep_04180,0,1,1552,Peptide
starPep_04179,0,1,1551,Peptide
starPep_04178,0,1,1550,Peptide
starPep_04177,0,1,1549,Peptide
starPep_04158,0,1,1548,Peptide
starPep_04157,0,1,1547,Peptide
starPep_04134,0,1,1546,Peptide
starPep_04133,0,1,1545,Peptide
starPep_04130,0,1,1544,Peptide
starPep_04100,0,1,1543,Peptide
starPep_04097,0,1,1542,Peptide
starPep_04081,0,1,1541,Peptide
starPep_04080,0,1,1540,Peptide
starPep_04079,0,1,1539,Peptide
starPep_04062,0,1,1538,Peptide
starPep_04049,0,1,1537,Peptide
starPep_04047,0,1,1536,Peptide
Rana dybowskii,46419.97357,12,15,Origin
starPep_04037,0,1,1534,Peptide
starPep_04025,0,1,1533,Peptide
starPep_04024,0,1,1532,Peptide
starPep_04023,0,1,1531,Peptide
starPep_04022,0,1,1530,Peptide
starPep_04021,0,1,1529,Peptide
starPep_04019,0,1,1528,Peptide
starPep_04018,0,1,1527,Peptide
starPep_04017,0,1,1526,Peptide
starPep_04016,0,1,1525,Peptide
starPep_04003,0,1,1524,Peptide
starPep_04002,0,1,1523,Peptide
starPep_04001,0,1,1522,Peptide
starPep_04000,0,1,1521,Peptide
starPep_03997,0,1,1520,Peptide
starPep_03990,0,1,1519,Peptide
starPep_03985,0,1,1518,Peptide
starPep_03973,0,1,1517,Peptide
starPep_03968,0,1,1516,Peptide
starPep_03965,0,1,1515,Peptide
starPep_03964,0,1,1514,Peptide
starPep_03963,0,1,1513,Peptide
starPep_03961,0,1,1512,Peptide
Amolops chunganensis,115,11,568,Origin
starPep_03957,0,1,1510,Peptide
starPep_03955,0,1,1509,Peptide
starPep_03934,0,1,1508,Peptide
starPep_03931,0,1,1507,Peptide
starPep_03923,0,1,1506,Peptide
starPep_03922,0,1,1505,Peptide
starPep_03920,0,1,1504,Peptide
starPep_03919,0,1,1503,Peptide
starPep_03918,0,1,1502,Peptide
starPep_03917,0,1,1501,Peptide
starPep_03911,0,1,1500,Peptide
starPep_03903,0,1,1499,Peptide
starPep_03883,0,1,1498,Peptide
Bombina variegata,30964.5,11,33,Origin
Pseudopleuronectes americanus,16433,10,69,Origin
starPep_03835,0,1,1495,Peptide
starPep_03833,0,1,1494,Peptide
starPep_03832,0,1,1493,Peptide
starPep_03831,0,1,1492,Peptide
starPep_03816,0,0,1491,Peptide
starPep_03815,0,1,1490,Peptide
starPep_03812,0,1,1489,Peptide
starPep_03761,0,1,1488,Peptide
starPep_03758,0,1,1487,Peptide
starPep_03755,0,1,1486,Peptide
starPep_03752,0,1,1485,Peptide
starPep_03751,0,1,1484,Peptide
starPep_03750,0,1,1483,Peptide
starPep_03749,0,1,1482,Peptide
starPep_03748,0,1,1481,Peptide
starPep_03709,0,1,1480,Peptide
starPep_03708,0,1,1479,Peptide
starPep_03707,0,1,1478,Peptide
starPep_03706,0,1,1477,Peptide
starPep_03705,0,1,1476,Peptide
starPep_03704,0,1,1475,Peptide
starPep_03687,0,1,1474,Peptide
starPep_03664,0,1,1473,Peptide
starPep_03633,0,1,1472,Peptide
starPep_03599,0,1,1471,Peptide
starPep_03511,0,1,1470,Peptide
starPep_03487,0,1,1469,Peptide
starPep_03465,0,1,1468,Peptide
starPep_03460,0,1,1467,Peptide
starPep_03404,0,1,1466,Peptide
starPep_03403,0,1,1465,Peptide
starPep_03402,0,1,1464,Peptide
starPep_03401,0,1,1463,Peptide
starPep_03400,0,1,1462,Peptide
starPep_03399,0,1,1461,Peptide
starPep_03398,0,1,1460,Peptide
starPep_03397,0,1,1459,Peptide
starPep_03396,0,1,1458,Peptide
starPep_03395,0,1,1457,Peptide
starPep_03394,0,1,1456,Peptide
starPep_03393,0,1,1455,Peptide
starPep_03392,0,1,1454,Peptide
starPep_03391,0,1,1453,Peptide
starPep_03390,0,1,1452,Peptide
starPep_03389,0,1,1451,Peptide
starPep_03388,0,1,1450,Peptide
starPep_03387,0,1,1449,Peptide
starPep_03386,0,1,1448,Peptide
starPep_03385,0,1,1447,Peptide
starPep_03384,0,1,1446,Peptide
starPep_03383,0,1,1445,Peptide
starPep_03382,0,1,1444,Peptide
starPep_03381,0,1,1443,Peptide
starPep_03380,0,1,1442,Peptide
starPep_03379,0,1,1441,Peptide
starPep_03378,0,1,1440,Peptide
starPep_03377,0,1,1439,Peptide
starPep_03376,0,1,1438,Peptide
starPep_03375,0,1,1437,Peptide
starPep_03374,0,1,1436,Peptide
starPep_03373,0,1,1435,Peptide
starPep_03372,0,1,1434,Peptide
starPep_03371,0,1,1433,Peptide
starPep_03367,0,1,1432,Peptide
starPep_03363,0,1,1431,Peptide
starPep_03362,0,1,1430,Peptide
starPep_03351,0,1,1429,Peptide
starPep_03343,0,1,1428,Peptide
starPep_03328,0,1,1427,Peptide
starPep_03325,0,1,1426,Peptide
starPep_03316,0,1,1425,Peptide
starPep_03249,0,1,1424,Peptide
starPep_03221,0,2,1423,Peptide
starPep_03185,0,1,1422,Peptide
starPep_03174,0,1,1421,Peptide
Ceratitis capitata,30954.5,10,34,Origin
starPep_03126,0,1,1419,Peptide
starPep_03091,0,1,1418,Peptide
starPep_03086,0,1,1417,Peptide
starPep_03083,0,0,1416,Peptide
starPep_03042,0,1,1415,Peptide
starPep_03036,0,1,1414,Peptide
starPep_03030,0,1,1413,Peptide
starPep_03014,0,1,1412,Peptide
starPep_03013,0,1,1411,Peptide
starPep_02980,0,1,1410,Peptide
Babina pleuraden,36,9,602,Origin
Oxyopes takobius,44,9,595,Origin
starPep_02937,0,1,1407,Peptide
starPep_02914,0,1,1406,Peptide
starPep_02904,0,1,1405,Peptide
starPep_02889,0,1,1404,Peptide
starPep_02868,0,1,1403,Peptide
starPep_02867,0,1,1402,Peptide
starPep_02849,0,1,1401,Peptide
starPep_02845,0,1,1400,Peptide
starPep_02827,0,1,1399,Peptide
starPep_02806,0,1,1398,Peptide
starPep_02804,0,1,1397,Peptide
starPep_02803,0,1,1396,Peptide
starPep_02754,0,1,1395,Peptide
starPep_02753,0,1,1394,Peptide
starPep_02752,0,1,1393,Peptide
starPep_02751,0,1,1392,Peptide
starPep_02750,0,1,1391,Peptide
starPep_02747,0,1,1390,Peptide
starPep_02733,0,1,1389,Peptide
starPep_02730,0,1,1388,Peptide
starPep_02715,0,1,1387,Peptide
starPep_02714,0,1,1386,Peptide
starPep_02710,0,1,1385,Peptide
starPep_02693,0,1,1384,Peptide
starPep_02692,0,1,1383,Peptide
starPep_02691,0,1,1382,Peptide
starPep_02690,0,1,1381,Peptide
starPep_02689,0,1,1380,Peptide
starPep_02687,0,1,1379,Peptide
starPep_02686,0,1,1378,Peptide
starPep_02679,0,1,1377,Peptide
starPep_02678,0,1,1376,Peptide
starPep_02670,0,1,1375,Peptide
starPep_02655,0,1,1374,Peptide
starPep_02651,0,1,1373,Peptide
Rana chensinensis,6829.888889,9,227,Origin
starPep_02614,0,1,1371,Peptide
Phyllomedusa tarsius,11920.9092,9,118,Origin
starPep_02579,0,1,1369,Peptide
Silurana epitropicalis,18262,9,66,Origin
starPep_02550,0,1,1367,Peptide
starPep_02544,0,1,1366,Peptide
starPep_02536,0,1,1365,Peptide
starPep_02534,0,1,1364,Peptide
starPep_02533,0,1,1363,Peptide
starPep_02532,0,1,1362,Peptide
starPep_02529,0,0,1361,Peptide
starPep_02528,0,1,1360,Peptide
starPep_02527,0,1,1359,Peptide
starPep_02483,0,1,1358,Peptide
starPep_02476,0,1,1357,Peptide
starPep_02458,0,1,1356,Peptide
starPep_02400,0,1,1355,Peptide
starPep_02379,0,1,1354,Peptide
starPep_02330,0,1,1353,Peptide
starPep_02322,0,0,1352,Peptide
starPep_02306,0,1,1351,Peptide
starPep_02305,0,1,1350,Peptide
starPep_02304,0,1,1349,Peptide
starPep_02300,0,1,1348,Peptide
starPep_02299,0,1,1347,Peptide
starPep_02297,0,1,1346,Peptide
starPep_02281,0,1,1345,Peptide
starPep_02275,0,1,1344,Peptide
starPep_02274,0,1,1343,Peptide
Pogonoperca punctata,43554,9,17,Origin
starPep_02272,0,1,1341,Peptide
starPep_02254,0,0,1340,Peptide
starPep_02249,0,1,1339,Peptide
starPep_02240,0,1,1338,Peptide
starPep_02201,0,0,1337,Peptide
starPep_02174,0,1,1336,Peptide
starPep_02171,0,1,1335,Peptide
starPep_02155,0,1,1334,Peptide
starPep_02121,0,1,1333,Peptide
Pelophylax ridibundus,1907.15,8,422,Origin
starPep_02002,0,1,1331,Peptide
Phyllomedusa sauvagii,14541.22998,8,95,Origin
starPep_01959,0,1,1329,Peptide
starPep_01948,0,1,1328,Peptide
starPep_01941,0,1,1327,Peptide
starPep_01934,0,1,1326,Peptide
starPep_01903,0,1,1325,Peptide
starPep_01870,0,1,1324,Peptide
Podisus maculiventris,14610.95098,8,80,Origin
starPep_01866,0,1,1322,Peptide
starPep_01853,0,0,1321,Peptide
starPep_01852,0,1,1320,Peptide
starPep_01851,0,1,1319,Peptide
starPep_01849,0,1,1318,Peptide
starPep_01844,0,0,1317,Peptide
starPep_01843,0,1,1316,Peptide
starPep_01842,0,1,1315,Peptide
starPep_01839,0,1,1314,Peptide
starPep_01834,0,0,1313,Peptide
Rana pirica,17499.5915,8,68,Origin
starPep_01826,0,1,1311,Peptide
starPep_01809,0,1,1310,Peptide
starPep_01783,0,1,1309,Peptide
starPep_01771,0,1,1308,Peptide
starPep_01716,0,1,1307,Peptide
starPep_01646,0,1,1306,Peptide
Clitoria ternatea,26099.75278,8,47,Origin
Hylarana latouchii,21,7,632,Origin
starPep_01641,0,1,1303,Peptide
starPep_01635,0,1,1302,Peptide
starPep_01605,0,1,1301,Peptide
starPep_01603,0,1,1300,Peptide
starPep_01598,0,1,1299,Peptide
starPep_01592,0,1,1298,Peptide
starPep_01570,0,1,1297,Peptide
starPep_01563,0,1,1296,Peptide
Rana boylii,57,7,589,Origin
Glyptocephalus cynoglossus,3671.25,7,322,Origin
starPep_01511,0,1,1293,Peptide
starPep_01509,0,1,1292,Peptide
starPep_01504,0,1,1291,Peptide
Xenopus muelleri,9172.916667,7,151,Origin
starPep_01503,0,1,1289,Peptide
Glandirana rugosa,10971,7,124,Origin
starPep_01491,0,1,1287,Peptide
starPep_01482,0,1,1286,Peptide
starPep_01468,0,1,1285,Peptide
starPep_01465,0,1,1284,Peptide
starPep_01464,0,1,1283,Peptide
starPep_01462,0,1,1282,Peptide
starPep_01459,0,1,1281,Peptide
starPep_01457,0,0,1280,Peptide
starPep_01386,0,1,1279,Peptide
starPep_01385,0,1,1278,Peptide
starPep_01371,0,1,1277,Peptide
starPep_01369,0,1,1276,Peptide
starPep_01362,0,0,1275,Peptide
starPep_01340,0,0,1274,Peptide
starPep_01323,0,1,1273,Peptide
starPep_01322,0,1,1272,Peptide
starPep_01320,0,1,1271,Peptide
starPep_01308,0,0,1270,Peptide
starPep_01306,0,0,1269,Peptide
starPep_01304,0,1,1268,Peptide
starPep_01290,0,1,1267,Peptide
starPep_01289,0,1,1266,Peptide
starPep_01288,0,0,1265,Peptide
starPep_01283,0,0,1264,Peptide
Rana tagoi,12795,7,101,Origin
starPep_01233,0,1,1262,Peptide
Halocynthia aurantium,14608,7,82,Origin
Lithobates areolatus,29024,7,44,Origin
starPep_01225,0,1,1259,Peptide
starPep_01207,0,1,1258,Peptide
starPep_01184,0,1,1257,Peptide
starPep_01182,0,1,1256,Peptide
Amolops jinjiangensis,47210.45206,7,14,Origin
starPep_01168,0,1,1254,Peptide
starPep_01155,0,1,1253,Peptide
starPep_01141,0,1,1252,Peptide
starPep_01134,0,1,1251,Peptide
starPep_01133,0,1,1250,Peptide
starPep_01121,0,1,1249,Peptide
starPep_01118,0,0,1248,Peptide
starPep_01116,0,1,1247,Peptide
starPep_01114,0,1,1246,Peptide
Leptodactylus bolivianus,17,6,648,Origin
starPep_01106,0,0,1244,Peptide
starPep_01075,0,1,1243,Peptide
starPep_01073,0,1,1242,Peptide
starPep_01063,0,1,1241,Peptide
starPep_01062,0,1,1240,Peptide
starPep_01061,0,1,1239,Peptide
starPep_01040,0,1,1238,Peptide
starPep_01036,0,0,1237,Peptide
Kassina maculata,20,6,639,Origin
starPep_01032,0,1,1235,Peptide
Oreochromis niloticus,25,6,628,Origin
starPep_01018,0,1,1233,Peptide
starPep_01004,0,1,1232,Peptide
starPep_00999,0,1,1231,Peptide
starPep_00995,0,1,1230,Peptide
Bombus pensylvanicus,30,6,616,Origin
starPep_00985,0,1,1228,Peptide
starPep_00961,0,1,1227,Peptide
starPep_00941,0,0,1226,Peptide
starPep_00940,0,1,1225,Peptide
starPep_00928,0,1,1224,Peptide
starPep_00926,0,1,1223,Peptide
starPep_00920,0,1,1222,Peptide
starPep_00894,0,0,1221,Peptide
Amolops mantzorum,70,6,579,Origin
starPep_00886,0,1,1219,Peptide
starPep_00883,0,1,1218,Peptide
starPep_00880,0,1,1217,Peptide
starPep_00874,0,1,1216,Peptide
starPep_00865,0,1,1215,Peptide
starPep_00862,0,1,1214,Peptide
starPep_00861,0,1,1213,Peptide
starPep_00859,0,1,1212,Peptide
starPep_00858,0,1,1211,Peptide
Hylarana nigrovittata,85,6,575,Origin
starPep_00857,0,1,1209,Peptide
starPep_00848,0,1,1208,Peptide
Phyllomedusa trinitatis,3620.016667,6,384,Origin
starPep_00841,0,1,1206,Peptide
starPep_00834,0,0,1205,Peptide
Viola baoshanensis,4897.91562,6,286,Origin
starPep_00803,0,1,1203,Peptide
Odorrana jingdongensis,6574.266667,6,232,Origin
starPep_00795,0,1,1201,Peptide
starPep_00794,0,0,1200,Peptide
starPep_00793,0,0,1199,Peptide
starPep_00791,0,1,1198,Peptide
starPep_00790,0,1,1197,Peptide
starPep_00789,0,1,1196,Peptide
starPep_00788,0,0,1195,Peptide
starPep_00787,0,0,1194,Peptide
starPep_00786,0,0,1193,Peptide
starPep_00784,0,1,1192,Peptide
Bombina maxima,7318.5,6,187,Origin
starPep_00777,0,1,1190,Peptide
starPep_00774,0,1,1189,Peptide
starPep_00773,0,1,1188,Peptide
Odorrana hainanensis,9145,6,152,Origin
starPep_00767,0,1,1186,Peptide
starPep_00766,0,0,1185,Peptide
Morone saxatilis,10050,6,149,Origin
starPep_00757,0,1,1183,Peptide
Phyllomedusa hypochondrialis,10480.23539,6,148,Origin
starPep_00756,0,1,1181,Peptide
Cupiennius salei,10970,6,126,Origin
Apis cerana,10970,6,125,Origin
Apis mellifera,11880,6,119,Origin
starPep_00752,0,1,1177,Peptide
starPep_00751,0,1,1176,Peptide
Grammistes sexlineatus,14605,6,83,Origin
starPep_00738,0,0,1174,Peptide
starPep_00731,0,1,1173,Peptide
Hymenochirus boettgeri,29238.9539,6,39,Origin
starPep_00721,0,1,1171,Peptide
starPep_00717,0,1,1170,Peptide
starPep_00715,0,1,1169,Peptide
starPep_00714,0,1,1168,Peptide
starPep_00704,0,1,1167,Peptide
starPep_00691,0,1,1166,Peptide
starPep_00688,0,1,1165,Peptide
starPep_00655,0,1,1164,Peptide
Rana cascadae,122048.5234,6,2,Origin
starPep_00648,0,1,1162,Peptide
Leptodactylus ocellatus,5,5,779,Origin
starPep_00647,0,1,1160,Peptide
starPep_00643,0,0,1159,Peptide
Entamoeba histolytica,34,5,608,Origin
Pelophylax saharicus,4219.770921,5,306,Origin
starPep_00642,0,1,1156,Peptide
Viola tricolor,4461.262987,5,298,Origin
starPep_00636,0,1,1154,Peptide
Acanthoscurria gomesiana,6702,5,228,Origin
starPep_00632,0,1,1152,Peptide
Rana zhenhaiensis,7318,5,189,Origin
starPep_00625,0,1,1150,Peptide
Staphylococcus haemolyticus,7318,5,188,Origin
starPep_00617,0,1,1148,Peptide
Agalychnis callidryas,8438.034091,5,179,Origin
Styela clava,9144,5,153,Origin
Limulus polyphemus,10962.5,5,127,Origin
Pachymedusa dacnicolor,12342.16797,5,117,Origin
starPep_00609,0,1,1143,Peptide
starPep_00608,0,1,1142,Peptide
starPep_00607,0,0,1141,Peptide
Mus musculus,14609.25033,5,81,Origin
starPep_00602,0,0,1139,Peptide
Rana aurora,33580.69991,5,26,Origin
starPep_00599,0,1,1137,Peptide
starPep_00596,0,1,1136,Peptide
starPep_00592,0,0,1135,Peptide
Amolops loloensis,84327.52661,5,5,Origin
starPep_00570,0,1,1133,Peptide
starPep_00561,0,0,1132,Peptide
starPep_00559,0,1,1131,Peptide
Pagrus major,9,4,721,Origin
starPep_00552,0,1,1129,Peptide
Lithobates catesbeianus,12,4,670,Origin
starPep_00542,0,1,1127,Peptide
starPep_00537,0,1,1126,Peptide
starPep_00528,0,1,1125,Peptide
starPep_00527,0,1,1124,Peptide
starPep_00519,0,1,1123,Peptide
starPep_00518,0,1,1122,Peptide
starPep_00514,0,1,1121,Peptide
Panurgus calcaratus,18,4,646,Origin
starPep_00510,0,0,1119,Peptide
starPep_00507,0,1,1118,Peptide
Staphylococcus cohnii,21,4,633,Origin
Viola philippica,1998.297763,4,421,Origin
Rana draytonii,2010.251914,4,420,Origin
Hippoglossoides platessoides,3662.357143,4,325,Origin
Morone chrysops,4561,4,297,Origin
Phyllomedusa azurea,5421.666667,4,282,Origin
starPep_00489,0,1,1111,Peptide
Carcinoscorpius rotundicauda,9139.5,4,154,Origin
Rana amurensis,10973.61627,4,123,Origin
Gallus gallus,12786,4,103,Origin
starPep_00471,0,1,1107,Peptide
Odorrana versabilis,12806.16667,4,100,Origin
starPep_00460,0,1,1105,Peptide
starPep_00458,0,1,1104,Peptide
Bombyx mori,23695,4,53,Origin
starPep_00450,0,1,1102,Peptide
starPep_00449,0,1,1101,Peptide
Litoria raniformis,1.5,3,847,Origin
Daboia russelii,3,3,826,Origin
Staphylococcus aureus,3,3,821,Origin
Nanorana parkeri,3,3,819,Origin
Lithobates grylio,3,3,818,Origin
Psalmopoeus cambridgei,3,3,814,Origin
Hogna carolinensis,3,3,808,Origin
Lycosa singoriensis,5,3,781,Origin
Hypsiboas albopunctatus,5,3,776,Origin
starPep_00411,0,0,1091,Peptide
Xylocopa appendiculata,7,3,747,Origin
Crocodylus siamensis,7,3,746,Origin
Tetramorium bicarinatum,7,3,745,Origin
starPep_00395,0,1,1087,Peptide
starPep_00386,0,2,1086,Peptide
starPep_00378,0,1,1085,Peptide
starPep_00366,0,0,1084,Peptide
Limnonectes fujianensis,7,3,743,Origin
Pardachirus marmoratus,8,3,729,Origin
Caenorhabditis elegans,11,3,701,Origin
starPep_00360,0,1,1080,Peptide
starPep_00359,0,1,1079,Peptide
starPep_00357,0,1,1078,Peptide
starPep_00355,0,0,1077,Peptide
starPep_00354,0,0,1076,Peptide
starPep_00353,0,1,1075,Peptide
starPep_00342,0,1,1074,Peptide
Picea sitchensis,11,3,700,Origin
Lachesana,12,3,669,Origin
starPep_00332,0,1,1071,Peptide
starPep_00310,0,0,1070,Peptide
starPep_00298,0,1,1069,Peptide
Alytes obstetricans,14,3,666,Origin
Leptodactylus knudseni,17,3,649,Origin
Naja atra,21,3,631,Origin
starPep_00285,0,0,1065,Peptide
Urechis unicinctus,39,3,599,Origin
starPep_00280,0,1,1063,Peptide
starPep_00277,0,1,1062,Peptide
starPep_00275,0,1,1061,Peptide
Crotalus durissus,39,3,598,Origin
Lithobates virgatipes,44,3,596,Origin
starPep_00268,0,1,1058,Peptide
starPep_00263,0,1,1057,Peptide
starPep_00261,0,1,1056,Peptide
Bombina,1831,3,449,Origin
Pan troglodytes,1831.333333,3,429,Origin
starPep_00249,0,1,1053,Peptide
Phyllomedusa bicolor,1831.75,3,428,Origin
starPep_00232,0,0,1051,Peptide
starPep_00231,0,1,1050,Peptide
Hylomantis lemur,1832.333333,3,427,Origin
Viola arvensis,1842.798413,3,425,Origin
Lithobates pipiens,3594.5,3,385,Origin
Hippoglossus hippoglossus,3660.5,3,329,Origin
Capra hircus,3661,3,328,Origin
Tachypleus tridentatus,3661,3,326,Origin
starPep_00218,0,1,1043,Peptide
starPep_00216,0,1,1042,Peptide
Vespula maculifrons,4571,3,292,Origin
Ascaphus truei,5489,3,238,Origin
Litoria genimaculata,5489,3,237,Origin
Amolops,5533.833333,3,236,Origin
starPep_00214,0,1,1037,Peptide
starPep_00213,0,1,1036,Peptide
Helicobacter pylori,7312.5,3,190,Origin
starPep_00212,0,1,1034,Peptide
starPep_00207,0,1,1033,Peptide
starPep_00204,0,0,1032,Peptide
starPep_00202,0,1,1031,Peptide
starPep_00201,0,1,1030,Peptide
starPep_00200,0,1,1029,Peptide
starPep_00196,0,0,1028,Peptide
starPep_00195,0,1,1027,Peptide
starPep_00191,0,1,1026,Peptide
starPep_00189,0,0,1025,Peptide
Holophaga foetida,10961,3,129,Origin
Macaca mulatta,10961,3,128,Origin
starPep_00187,0,1,1022,Peptide
Anura,12747.75,3,116,Origin
Orychophragmus violaceus,12787,3,102,Origin
starPep_00186,0,1,1019,Peptide
Xenopus borealis,14555.25,3,94,Origin
starPep_00185,0,1,1017,Peptide
starPep_00184,0,1,1016,Peptide
Amphibia,14808.75,3,79,Origin
starPep_00182,0,1,1014,Peptide
Arachnida,15201.33333,3,76,Origin
starPep_00179,0,1,1012,Peptide
starPep_00178,0,0,1011,Peptide
starPep_00177,0,1,1010,Peptide
starPep_00173,0,1,1009,Peptide
Bos,20031,3,61,Origin
Lasioglossum laticeps,25497,3,48,Origin
Spirosoma linguale,30915,3,35,Origin
Insecta,43415,3,18,Origin
Pelophylax nigromaculatus,0.5,2,874,Origin
Bitis gabonica,1,2,868,Origin
Porthidium nasutum,1,2,867,Origin
Rana italica,1,2,866,Origin
starPep_00148,0,1,1000,Peptide
starPep_00142,0,1,999,Peptide
starPep_00141,0,1,998,Peptide
starPep_00140,0,1,997,Peptide
starPep_00139,0,1,996,Peptide
starPep_00138,0,0,995,Peptide
Bothrops matogrossensis,1,2,865,Origin
starPep_00137,0,1,993,Peptide
Discoglossus sardus,1,2,864,Origin
Agkistrodon contortrix,1,2,863,Origin
Deinagkistrodon acutus,1,2,862,Origin
starPep_00132,0,1,989,Peptide
Protobothrops flavoviridis,1,2,861,Origin
Eristicophis macmahonii,1,2,859,Origin
starPep_00130,0,1,986,Peptide
Phasianus colchicus,1,2,857,Origin
starPep_00126,0,1,984,Peptide
Rana shuchinae,1,2,856,Origin
Bungarus fasciatus,1,2,855,Origin
starPep_00122,0,1,981,Peptide
starPep_00121,0,1,980,Peptide
starPep_00120,0,1,979,Peptide
starPep_00119,0,1,978,Peptide
starPep_00118,0,1,977,Peptide
Xanthomonas oryzae,1,2,854,Origin
Vespa crabro,1,2,851,Origin
Pseudis paradoxa,1,2,849,Origin
Pelophylax porosus,1,2,848,Origin
Viola biflora,1.533333333,2,846,Origin
Vipera,2,2,841,Origin
Vipera berus,2,2,840,Origin
starPep_00113,0,1,969,Peptide
Ectatomma,2,2,839,Origin
starPep_00108,0,1,967,Peptide
starPep_00107,0,0,966,Peptide
starPep_00105,0,1,965,Peptide
starPep_00102,0,1,964,Peptide
Ectatomma brunneum,2,2,838,Origin
Acinetobacter,2,2,837,Origin
starPep_00094,0,1,961,Peptide
starPep_00093,0,1,960,Peptide
Acinetobacter guillouiae,2,2,836,Origin
Bacillus cereus,2,2,835,Origin
Oxyuranus,2,2,834,Origin
Oxyuranus microlepidotus,2,2,833,Origin
Melecta,2,2,832,Origin
Melecta albifrons,2,2,831,Origin
Bacillus,2,2,830,Origin
starPep_00082,0,0,952,Peptide
starPep_00081,0,1,951,Peptide
starPep_00080,0,1,950,Peptide
starPep_00076,0,0,949,Peptide
starPep_00072,0,1,948,Peptide
starPep_00071,0,1,947,Peptide
starPep_00069,0,1,946,Peptide
starPep_00068,0,0,945,Peptide
Walterinnesia aegyptia,3,2,829,Origin
Colletinae,3,2,828,Origin
starPep_00065,0,1,942,Peptide
starPep_00064,0,0,941,Peptide
Colletes daviesanus,3,2,827,Origin
starPep_00060,0,1,939,Peptide
starPep_00055,0,1,938,Peptide
Megascolecidae,3,2,825,Origin
starPep_00051,0,1,936,Peptide
starPep_00047,0,1,935,Peptide
starPep_00045,0,1,934,Peptide
Metaphire guillelmi,3,2,824,Origin
starPep_00042,0,1,932,Peptide
Cucurbitaceae,3,2,823,Origin
Cucurbita maxima,3,2,822,Origin
starPep_00039,0,0,929,Peptide
starPep_00038,0,1,928,Peptide
starPep_00035,0,0,927,Peptide
starPep_00034,0,1,926,Peptide
starPep_00032,0,1,925,Peptide
Elapinae,3,2,820,Origin
starPep_00025,0,1,923,Peptide
Schistosomatidae,3,2,817,Origin
Schistosoma mansoni,3,2,816,Origin
starPep_00022,0,1,920,Peptide
Lycosa,3,2,815,Origin
Hypsiboas,3,2,813,Origin
Myrmeciini,3,2,812,Origin
Myrmecia gulosa,3,2,811,Origin
Leporidae,3,2,810,Origin
Oryctolagus cuniculus,3,2,809,Origin
Odorrana margaretae,3.958333333,2,806,Origin
Walterinnesia,4,2,805,Origin
Colletes,4,2,804,Origin
starPep_00016,0,1,910,Peptide
starPep_00015,0,0,909,Peptide
Xylocopini,4,2,803,Origin
Metaphire,4,2,802,Origin
Crocodylidae,4,2,801,Origin
Tetramoriini,4,2,800,Origin
starPep_00012,0,1,904,Peptide
Cucurbita,4,2,799,Origin
starPep_00011,0,1,902,Peptide
Bacteroides fragilis,4,2,798,Origin
starPep_00010,0,1,900,Peptide
starPep_00007,0,1,899,Peptide
Mesorhizobium metallidurans,4,2,797,Origin
Myrmecia pilosula,4,2,796,Origin
Schistosoma,4,2,795,Origin
Rhizobiales,4,2,794,Origin
Megachilinae,4,2,793,Origin
Osmia rufa,4,2,792,Origin
Pardachirus,4,2,790,Origin
Bacteroidales,4,2,789,Origin
Dicroglossinae,4,2,788,Origin
Myrmecia,4,2,787,Origin
Drosophila melanogaster,4,2,786,Origin
Oryctolagus,4,2,785,Origin
Pagrus,4,2,784,Origin
Nanorana yunnanensis,5,2,783,Origin
Treponema maltophilum,5,2,782,Origin
Spirochaetes,5,2,780,Origin
Salmoniformes,5,2,778,Origin
Oncorhynchus mykiss,5,2,777,Origin
Xylocopa,6,2,775,Origin
Crocodylus,6,2,774,Origin
Chromadorea,6,2,773,Origin
Tetramorium,6,2,772,Origin
Pinidae,6,2,771,Origin
Saccharomycotina,6,2,770,Origin
Candida tenuis,6,2,769,Origin
starPep_02653,0.6,2,873,Peptide
starPep_02219,0.6,2,872,Peptide
starPep_00493,0.6,2,871,Peptide
starPep_00491,0.6,2,870,Peptide
starPep_00333,0.6,2,869,Peptide
Phyllobacteriaceae,6,2,768,Origin
Mesorhizobium,6,2,767,Origin
Limnonectes,6,2,766,Origin
Papilionidae,6,2,765,Origin
Papilio xuthus,6,2,764,Origin
Myxini,6,2,763,Origin
Myxine glutinosa,6,2,762,Origin
Actinomyces coleocanis,6,2,761,Origin
starPep_03841,1,2,860,Peptide
Lecanoromycetes,6,2,759,Origin
starPep_01520,1,2,858,Peptide
Cladonia grayi,6,2,758,Origin
Bactrocera dorsalis,6,2,757,Origin
Osmiini,6,2,756,Origin
Osmia,6,2,755,Origin
starPep_00603,1,2,853,Peptide
starPep_00428,1,2,852,Peptide
Alytes,6,2,754,Origin
starPep_00106,1,2,850,Peptide
Kassina,6,2,753,Origin
Bacteroidaceae,6,2,752,Origin
Bacteroides,6,2,751,Origin
Actinobacteridae,6,2,750,Origin
starPep_01808,1.993452381,2,845,Peptide
starPep_01420,1.993452381,2,844,Peptide
starPep_01378,1.993452381,2,843,Peptide
starPep_00578,1.993452381,2,842,Peptide
Brachycera,6,2,749,Origin
Theraphosidae,6.833333333,2,748,Origin
Panurginae,7,2,744,Origin
Cichlidae,7,2,742,Origin
Rhodotorula glutinis,7,2,739,Origin
Dikarya,7,2,738,Origin
Leptodactylus,7,2,737,Origin
Parasilurus,7,2,736,Origin
Burkholderiales,7,2,735,Origin
Bivalvia,7,2,733,Origin
Treponema,8,2,731,Origin
Spirochaetales,8,2,730,Origin
Salmonidae,8,2,728,Origin
Oncorhynchus,8,2,727,Origin
Firmicutes,8,2,726,Origin
Apinae,8,2,725,Origin
Spirochaetaceae,9,2,724,Origin
Oxyopes,9,2,723,Origin
Salmoninae,9,2,722,Origin
Rhabditida,10,2,720,Origin
Pinales,10,2,719,Origin
Saccharomycetes,10,2,718,Origin
Candida,10,2,717,Origin
Papilioninae,10,2,716,Origin
Papilio (Sinoprinceps),10,2,715,Origin
Myxiniformes,10,2,714,Origin
Myxine,10,2,713,Origin
Actinomyces,10,2,712,Origin
Sarcodina,10,2,711,Origin
Lecanoromycetidae,10,2,710,Origin
Cladonia,10,2,709,Origin
Bactrocera (Bactrocera),10,2,708,Origin
Bacillus subtilis,10,2,707,Origin
Actinomycetales,10,2,706,Origin
starPep_00733,3.608333333,2,807,Peptide
Muscomorpha,10,2,705,Origin
Scombridae,11,2,702,Origin
Echiurida,11,2,699,Origin
Coriobacteriales,11,2,698,Origin
Siluriformes,11,2,697,Origin
Squamata,11,2,696,Origin
Rhabditidae,12,2,695,Origin
Caenorhabditis,12,2,694,Origin
Panurgini,12,2,693,Origin
Pinaceae,12,2,692,Origin
Picea,12,2,691,Origin
Saccharomycetidae,12,2,690,Origin
Saccharomycetales,12,2,689,Origin
Papilionini,12,2,688,Origin
Papilio,12,2,687,Origin
starPep_00286,4,2,791,Peptide
Oreochromis,12,2,686,Origin
Myxinidae,12,2,685,Origin
Myxininae,12,2,684,Origin
Actinomycineae,12,2,683,Origin
Actinomycetaceae,12,2,682,Origin
Ricinus,12,2,680,Origin
Basidiomycota,12,2,679,Origin
Rhodotorula,12,2,678,Origin
Lecanorales,12,2,677,Origin
Cladoniaceae,12,2,676,Origin
Bactrocera,12,2,675,Origin
Leptodactylus fallax,12,2,674,Origin
Tephritidae,12,2,673,Origin
Parasilurus asotus,12,2,672,Origin
Alcaligenaceae,12,2,671,Origin
Pteriomorphia,12,2,668,Origin
Mytilus edulis,12,2,667,Origin
Bombini,14,2,665,Origin
Bacilli,14,2,664,Origin
Panurgina,15,2,662,Origin
Pucciniomycotina,15,2,661,Origin
Sporidiobolales,15,2,660,Origin
Achromobacter,15,2,659,Origin
Mytiloida,15,2,657,Origin
Mytilus,15,2,656,Origin
Panurgus,16,2,653,Origin
Microbotryomycetes,16,2,652,Origin
Achromobacter piechaudii,16,2,651,Origin
Mytilidae,16,2,650,Origin
Lithobates palustris,17.5,2,647,Origin
starPep_00747,6,2,760,Peptide
Rhizopoda,18,2,645,Origin
Bacillales,18,2,644,Origin
Bombus,18,2,643,Origin
Clariidae,20,2,641,Origin
Scombrinae,20,2,640,Origin
Urechidae,20,2,638,Origin
Coriobacterineae,20,2,637,Origin
Staphylococcaceae,20,2,636,Origin
Staphylococcus,20,2,635,Origin
Serpentes,20,2,634,Origin
Ricinus communis,22,2,630,Origin
Lobosa,24,2,629,Origin
Elasmobranchii,25,2,627,Origin
Platyhelminthes,25,2,626,Origin
Polyphaga,25,2,625,Origin
Clarias,27,2,624,Origin
Thunnini,27,2,623,Origin
Urechis,27,2,621,Origin
starPep_00754,7,2,741,Peptide
starPep_00711,7,2,740,Peptide
Coriobacteriaceae,27,2,620,Origin
Alethinophidia,27,2,619,Origin
Amoebida,28,2,618,Origin
Entamoebidae,30,2,615,Origin
Entamoeba,30,2,614,Origin
starPep_00114,7,2,734,Peptide
Clarias batrachus,32,2,612,Origin
starPep_01173,8,2,732,Peptide
Thunnus,32,2,611,Origin
Cryptobacterium,32,2,610,Origin
Viperidae,32,2,609,Origin
Thunnus (Neothunnus),35,2,607,Origin
Cryptobacterium curtum,35,2,605,Origin
Crotalinae,35,2,604,Origin
Thunnus albacares,36,2,603,Origin
Crotalus,36,2,600,Origin
Euselachii,48,2,594,Origin
Neodermata,48,2,593,Origin
Elateriformia,48,2,592,Origin
Torpediniformes,69,2,582,Origin
Trematoda,69,2,581,Origin
Elateroidea,69,2,580,Origin
Torpedinidae,88,2,574,Origin
Digenea,88,2,573,Origin
Lampyridae,88,2,572,Origin
Torpedo,105,2,571,Origin
Opisthorchiida,105,2,570,Origin
Amydetinae,105,2,569,Origin
Torpedo marmorata,120,2,567,Origin
Opisthorchiata,120,2,566,Origin
Vestina,120,2,565,Origin
Opisthorchiidae,133,2,563,Origin
Vesta,133,2,562,Origin
Clonorchis,144,2,561,Origin
Vesta basalis,144,2,560,Origin
starPep_04481,10.5,2,704,Peptide
starPep_00337,11,2,703,Peptide
Clonorchis sinensis,153,2,559,Origin
Xenopus ruwenzoriensis,302.25,2,555,Origin
Araneae,618.1666667,2,544,Origin
Agalychnis annae,769.4325758,2,542,Origin
Acanthoscurria,1217.666667,2,525,Origin
Caniformia,1831,2,512,Origin
Sinapis alba,1831,2,511,Origin
Viridiplantae,1831,2,510,Origin
Chordata,1831,2,509,Origin
Neisseriaceae,1831,2,508,Origin
Pseudomonadaceae,1831,2,507,Origin
Odorrana hosii,1831,2,506,Origin
Heteroptera,1831,2,505,Origin
Rana,1831,2,504,Origin
Teleostei,1831,2,503,Origin
Xiphosura,1831,2,502,Origin
Pelteobagrus,1831,2,495,Origin
Hippoglossoides,1831,2,494,Origin
Xanthomonadaceae,1831,2,492,Origin
Comamonas,1831,2,490,Origin
Plesiomonas shigelloides,1831,2,489,Origin
starPep_00772,12,2,681,Peptide
Salmonella enterica,1831,2,488,Origin
Campylobacterales,1831,2,487,Origin
Deltaproteobacteria,1831,2,486,Origin
Limanda ferruginea,1831,2,485,Origin
Lactococcus lactis,1831,2,484,Origin
Psocodea,1831,2,483,Origin
Glyptocephalus,1831,2,482,Origin
Dicentrarchus labrax,1831,2,479,Origin
Euryarchaeota,1831,2,478,Origin
Hippoglossus,1831,2,477,Origin
Galliformes,1831,2,476,Origin
Annelida,1831,2,474,Origin
Metagynophora,1831,2,473,Origin
Bubalus bubalis,1831,2,472,Origin
Halictidae,1831,2,471,Origin
Ceratitis (Ceratitis),1831,2,470,Origin
Enterobacteriales,1831,2,469,Origin
starPep_00822,14.33333333,2,663,Peptide
Shewanellaceae,1831,2,468,Origin
Holophagae,1831,2,467,Origin
Kassina senegalensis,1831,2,466,Origin
Ascaphus,1831,2,465,Origin
starPep_00219,15,2,658,Peptide
Styela,1831,2,464,Origin
Brassicaceae,1831,2,463,Origin
starPep_01766,15.6,2,655,Peptide
starPep_01724,15.6,2,654,Peptide
Cytophagia,1831,2,462,Origin
Gentianales,1831,2,461,Origin
Violaceae,1831,2,460,Origin
Drosophilinae,1831,2,459,Origin
Papio anubis,1831,2,458,Origin
Chlorocebus,1831,2,457,Origin
Cercopithecidae,1831,2,456,Origin
Callithrix,1831,2,455,Origin
Nomascus,1831,2,454,Origin
Myomorpha,1831,2,453,Origin
Ascidiacea,1831,2,452,Origin
starPep_00492,19,3,642,Peptide
Cobitoidea,1831,2,451,Origin
Ovis,1831,2,450,Origin
Cupiennius,1831,2,448,Origin
Pongo,1831,2,447,Origin
Gorilla gorilla,1831,2,446,Origin
Suinae,1831,2,445,Origin
Bombycoidea,1831,2,444,Origin
Saturniinae,1831,2,443,Origin
Embryophyta,1831,2,442,Origin
Litoria,1831,2,441,Origin
Phyllomedusinae,1831,2,440,Origin
Negibacteria,1831,2,439,Origin
Flavobacteriales,1831,2,438,Origin
Morone,1831,2,437,Origin
Percoidei,1831,2,436,Origin
Epinephelus,1831,2,435,Origin
Haplorrhini,1831,2,434,Origin
Streptococcaceae,1831,2,433,Origin
Vespula,1831,2,432,Origin
starPep_01642,27,2,622,Peptide
Apis,1831,2,431,Origin
Animalia,1831,2,430,Origin
Xenopus,1863.333333,2,424,Origin
Rana dalmatina,1889.833333,2,423,Origin
starPep_00431,28.80812027,2,617,Peptide
Chlorophyta,3660,2,383,Origin
Canidae,3660,2,382,Origin
Vertebrata,3660,2,380,Origin
starPep_00641,30,2,613,Peptide
Chromobacterium,3660,2,379,Origin
Pseudomonas,3660,2,378,Origin
Pentatomomorpha,3660,2,376,Origin
Acanthopterygii,3660,2,375,Origin
Limulina,3660,2,374,Origin
Myxococcales,3660,2,371,Origin
starPep_02039,35,2,606,Peptide
Rhodanobacter,3660,2,370,Origin
Pelteobagrus fulvidraco,3660,2,369,Origin
Comamonas testosteroni,3660,2,368,Origin
Methanomicrobia,3660,2,367,Origin
starPep_00397,36,2,601,Peptide
Helicobacteraceae,3660,2,366,Origin
Anoplura,3660,2,364,Origin
Rana tsushimensis,3660,2,363,Origin
starPep_00436,42,2,597,Peptide
Polychaeta,3660,2,362,Origin
Phasianidae,3660,2,361,Origin
Opisthopora,3660,2,360,Origin
Halictinae,3660,2,359,Origin
Enterobacteriaceae,3660,2,358,Origin
starPep_00828,55.15793651,2,591,Peptide
starPep_00430,55.15793651,2,590,Peptide
Shewanella,3660,2,357,Origin
starPep_00193,58.41666667,2,588,Peptide
starPep_01069,62.29678577,2,587,Peptide
starPep_00725,62.29678577,2,586,Peptide
starPep_00723,62.29678577,2,585,Peptide
starPep_11637,66,2,584,Peptide
starPep_01031,66.07142857,2,583,Peptide
Holophagales,3660,2,356,Origin
Orychophragmus,3660,2,355,Origin
Cyanobacteria,3660,2,353,Origin
Cytophagales,3660,2,352,Origin
Rubiaceae,3660,2,351,Origin
starPep_01405,82.45238095,2,577,Peptide
starPep_00864,84,2,576,Peptide
Viola,3660,2,350,Origin
Drosophila,3660,2,349,Origin
Pongo abelii,3660,2,348,Origin
Chlorocebus aethiops,3660,2,347,Origin
Cercopithecinae,3660,2,346,Origin
Callithrix jacchus,3660,2,345,Origin
Nomascus leucogenys,3660,2,344,Origin
Muroidea,3660,2,343,Origin
Pleurogona,3660,2,342,Origin
Cobitidae,3660,2,341,Origin
Suini,3660,2,340,Origin
starPep_00576,120.5,3,564,Peptide
Bombycidae,3660,2,339,Origin
Attacini,3660,2,338,Origin
Tracheophyta,3660,2,337,Origin
Phyllomedusa,3660,2,336,Origin
Flavobacteriaceae,3660,2,335,Origin
starPep_00577,155.7091991,2,558,Peptide
Serranidae,3660,2,334,Origin
starPep_00365,223,3,556,Peptide
Epinephelus malabaricus,3660,2,333,Origin
starPep_02586,413.3934549,2,554,Peptide
starPep_02183,413.3934549,2,553,Peptide
starPep_01367,413.3934549,2,552,Peptide
starPep_00973,413.3934549,2,551,Peptide
starPep_00683,495.3003968,2,550,Peptide
starPep_00989,566.1241475,2,549,Peptide
starPep_00383,566.1241475,2,548,Peptide
starPep_04054,609.6666667,2,547,Peptide
starPep_03954,609.6666667,2,546,Peptide
starPep_00073,609.6666667,2,545,Peptide
Simiiformes,3660,2,332,Origin
starPep_01761,646.7636364,2,543,Peptide
Streptococcus,3660,2,331,Origin
starPep_00307,891.6218254,5,541,Peptide
starPep_01110,896.8279412,2,540,Peptide
starPep_00716,902.3333333,2,539,Peptide
starPep_00759,910.3571429,2,538,Peptide
starPep_00758,910.3571429,2,537,Peptide
starPep_00664,910.3571429,2,536,Peptide
starPep_00569,910.3571429,2,535,Peptide
starPep_00496,910.3571429,2,534,Peptide
starPep_00702,911.5,2,533,Peptide
starPep_00457,912.64343,3,532,Peptide
starPep_00197,912.64343,3,531,Peptide
starPep_00056,912.64343,3,530,Peptide
starPep_02187,915,2,529,Peptide
starPep_00879,915,2,528,Peptide
starPep_00681,1074.778042,2,527,Peptide
starPep_00432,1135.17943,2,526,Peptide
Bilateria,3660,2,330,Origin
starPep_01560,1554.557828,2,524,Peptide
starPep_01170,1554.557828,2,523,Peptide
starPep_00718,1554.557828,2,522,Peptide
starPep_00224,1554.557828,2,521,Peptide
starPep_00223,1554.557828,2,520,Peptide
starPep_00158,1554.557828,2,519,Peptide
starPep_00089,1554.557828,2,518,Peptide
starPep_00020,1554.557828,2,517,Peptide
starPep_00524,1626.721212,2,516,Peptide
starPep_00455,1821.333333,2,515,Peptide
starPep_01098,1822.75,2,514,Peptide
starPep_01097,1822.75,2,513,Peptide
Pipidae,3668.416667,2,323,Origin
Chlorophytina,5487,2,279,Origin
Canis,5487,2,278,Origin
Chromobacterium violaceum,5487,2,277,Origin
Pseudomonas putida,5487,2,276,Origin
Pentatomoidea,5487,2,275,Origin
Pleuronectiformes,5487,2,274,Origin
Limulidae,5487,2,273,Origin
Gnathostomata,5487,2,272,Origin
Nannocystineae,5487,2,271,Origin
Rhodanobacter fulvus,5487,2,270,Origin
starPep_05281,1831,2,501,Peptide
starPep_03133,1831,3,500,Peptide
starPep_03130,1831,2,499,Peptide
starPep_02581,1831,2,498,Peptide
starPep_01823,1831,2,497,Peptide
starPep_01111,1831,2,496,Peptide
Methanosarcinales,5487,2,269,Origin
Shewanella sediminis,5487,2,267,Origin
starPep_00722,1831,2,493,Peptide
Helicobacter,5487,2,265,Origin
starPep_00635,1831,2,491,Peptide
Pediculidae,5487,2,264,Origin
Sedentaria,5487,2,262,Origin
Phasianinae,5487,2,261,Origin
Escherichia,5487,2,260,Origin
Crassiclitellata,5487,2,259,Origin
Halictini,5487,2,258,Origin
Holophagaceae,5487,2,257,Origin
Cyanophyceae,5487,2,256,Origin
Muridae,5487,2,255,Origin
starPep_00462,1831,2,481,Peptide
starPep_00445,1831,2,480,Peptide
Cytophagaceae,5487,2,254,Origin
Oldenlandia,5487,2,253,Origin
Papionini,5487,2,252,Origin
Stolidobranchia,5487,2,251,Origin
starPep_00291,1831,2,475,Peptide
Cobitinae,5487,2,250,Origin
Ovis aries,5487,2,249,Origin
Formosa,5487,2,248,Origin
Sus,5487,2,247,Origin
Bombycinae,5487,2,246,Origin
Hyalophora,5487,2,245,Origin
Spermatophytina,5487,2,244,Origin
Epinephelinae,5487,2,243,Origin
Hominoidea,5487,2,242,Origin
Streptococcus equi,5487,2,240,Origin
Protostomia,5487,2,239,Origin
Canis lupus,7312,2,223,Origin
Tetrapoda,7312,2,222,Origin
Chlorophyceae,7312,2,221,Origin
Limulus,7312,2,219,Origin
Pentatomidae,7312,2,218,Origin
Pleuronectoidei,7312,2,217,Origin
Haliangiaceae,7312,2,215,Origin
Methanosarcinaceae,7312,2,213,Origin
Chamaesiphonales,7312,2,212,Origin
Pediculus,7312,2,209,Origin
Scolecida,7312,2,208,Origin
Gallus,7312,2,207,Origin
Escherichia coli,7312,2,206,Origin
Lumbricoidea,7312,2,205,Origin
Lasioglossum,7312,2,204,Origin
Grammistini,7312,2,203,Origin
Holophaga,7312,2,202,Origin
Murinae,7312,2,201,Origin
Spirosoma,7312,2,200,Origin
Macaca,7312,2,199,Origin
Pyuridae,7312,2,198,Origin
Misgurnus,7312,2,197,Origin
Bombycini,7312,2,195,Origin
Hyalophora cecropia,7312,2,194,Origin
Magnoliopsida,7312,2,193,Origin
Hominidae,7312,2,192,Origin
Ecdysozoa,7312,2,191,Origin
Mammalia,9135,2,177,Origin
Chlamydomonadales,9135,2,174,Origin
Haliangium,9135,2,173,Origin
Methanosarcina,9135,2,172,Origin
Chamaesiphonaceae,9135,2,171,Origin
Pediculus humanus,9135,2,168,Origin
Arenicolidae,9135,2,167,Origin
Lumbricidae,9135,2,166,Origin
Pogonoperca,9135,2,165,Origin
Mus,9135,2,164,Origin
starPep_00134,1834.608333,3,426,Peptide
Halocynthia,9135,2,163,Origin
Misgurnus anguillicaudatus,9135,2,162,Origin
Asopinae,9135,2,161,Origin
Bombyx,9135,2,160,Origin
Rosanae,9135,2,158,Origin
Pleuronectidae,9135,2,157,Origin
starPep_00887,2013.333333,2,419,Peptide
starPep_00846,2013.333333,2,418,Peptide
starPep_00686,2013.333333,2,417,Peptide
starPep_00606,2013.333333,2,416,Peptide
starPep_00494,2013.333333,2,415,Peptide
starPep_00419,2013.333333,2,414,Peptide
starPep_00341,2013.333333,2,413,Peptide
starPep_00008,2013.333333,2,412,Peptide
starPep_00483,2060.295455,3,411,Peptide
starPep_00950,2099.08624,2,410,Peptide
starPep_00849,2099.08624,2,409,Peptide
starPep_00771,2099.08624,2,408,Peptide
starPep_03234,2294.27059,2,407,Peptide
starPep_03233,2294.27059,2,406,Peptide
starPep_03232,2294.27059,2,405,Peptide
starPep_03231,2294.27059,2,404,Peptide
starPep_03230,2294.27059,2,403,Peptide
starPep_00041,2294.27059,2,402,Peptide
starPep_04644,2534.725963,2,401,Peptide
starPep_04632,2534.725963,2,400,Peptide
starPep_04631,2534.725963,2,399,Peptide
starPep_04630,2534.725963,2,398,Peptide
starPep_03573,2534.725963,2,397,Peptide
starPep_01736,2534.725963,2,396,Peptide
starPep_00984,2534.725963,2,395,Peptide
starPep_00839,2534.725963,2,394,Peptide
starPep_00739,2534.725963,2,393,Peptide
starPep_00103,2534.725963,2,392,Peptide
starPep_02313,2539.28539,2,391,Peptide
starPep_01084,2565.415909,2,390,Peptide
starPep_00657,2742,2,389,Peptide
starPep_00420,2742,2,388,Peptide
starPep_00124,2744,3,387,Peptide
starPep_00760,2746.714286,3,386,Peptide
Homininae,9135,2,156,Origin
Arthropoda,9135,2,155,Origin
Theria,10956,2,146,Origin
Lumbricus,10956,2,144,Origin
starPep_00297,3660,2,381,Peptide
Chlamydomonadaceae,10956,2,143,Origin
Haliangium ochraceum,10956,2,142,Origin
Methanosarcina mazei,10956,2,141,Origin
starPep_00272,3660,2,377,Peptide
Chamaesiphon,10956,2,140,Origin
Arenicola,10956,2,138,Origin
Mus (Mus),10956,2,136,Origin
starPep_02251,3660,2,373,Peptide
starPep_01981,3660,2,372,Peptide
Podisus,10956,2,134,Origin
Fabales,10956,2,133,Origin
Pleuronectinae,10956,2,132,Origin
Homo,10956,2,131,Origin
Chelicerata,10956,2,130,Origin
Chlamydomonas,12775,2,115,Origin
starPep_00545,3660,2,365,Peptide
Eutheria,12775,2,114,Origin
Lumbricus rubellus,12775,2,113,Origin
Chamaesiphon minutus,12775,2,110,Origin
Arenicola marina,12775,2,109,Origin
Podisus (Podisus),12775,2,106,Origin
Fabaceae,12775,2,105,Origin
Pleuronectini,12775,2,104,Origin
Chlamydomonas reinhardtii,14592,2,93,Origin
Artiodactyla,14592,2,92,Origin
Clitoria,14592,2,85,Origin
starPep_00188,3660,2,354,Peptide
Pseudopleuronectes,14592,2,84,Origin
Amolops granulosus,16407,2,71,Origin
Bovidae,16407,2,70,Origin
Bovinae,18220,2,67,Origin
Pachycondyla,21840,2,56,Origin
Ponerini,23647,2,55,Origin
Ponerinae,25452,2,49,Origin
Formicidae,27255,2,46,Origin
Vespoidea,29056,2,43,Origin
Aculeata,30855,2,36,Origin
Apocrita,32652,2,28,Origin
Hymenoptera,34447,2,25,Origin
Holometabola,36240,2,24,Origin
Neoptera,38031,2,22,Origin
Pterygota,39820,2,20,Origin
Bitis,0,1,2521,Origin
Porthidium,0,1,2462,Origin
Naja oxiana,0,1,2460,Origin
Bothrops fonsecai,0,1,2430,Origin
Bothrops jararaca,0,1,2428,Origin
Bothrops insularis,0,1,2426,Origin
Bothrops marajoensis,0,1,2348,Origin
Xylocopinae,0,1,1897,Origin
Discoglossus,0,1,1788,Origin
Bothrops alternatus,0,1,1732,Origin
Agkistrodon,0,1,1730,Origin
starPep_00441,3661,3,327,Peptide
Deinagkistrodon,0,1,1728,Origin
Bothrops leucurus,0,1,1725,Origin
starPep_00437,3664.608333,4,324,Peptide
Daboia,0,1,1722,Origin
Colletidae,0,1,1535,Origin
starPep_00506,3683.833333,2,321,Peptide
starPep_01506,4090.5,2,320,Peptide
starPep_00816,4090.5,2,319,Peptide
starPep_00611,4090.5,2,318,Peptide
starPep_02919,4095,2,317,Peptide
starPep_02718,4095,2,316,Peptide
starPep_02717,4095,2,315,Peptide
starPep_00402,4095,2,314,Peptide
starPep_04715,4103.309935,2,313,Peptide
starPep_04101,4103.309935,2,312,Peptide
starPep_03555,4103.309935,2,311,Peptide
starPep_02671,4103.309935,2,310,Peptide
starPep_00958,4103.309935,2,309,Peptide
starPep_00136,4103.309935,2,308,Peptide
starPep_00282,4156.70045,2,307,Peptide
Megascolecoidea,0,1,1511,Origin
starPep_00372,4239.666667,2,305,Peptide
starPep_02856,4253.666667,2,304,Peptide
starPep_01995,4253.666667,2,303,Peptide
starPep_00043,4253.666667,2,302,Peptide
starPep_00728,4299.801443,7,301,Peptide
starPep_01105,4363.725963,3,300,Peptide
starPep_00004,4363.725963,3,299,Peptide
Naja naja,0,1,1497,Origin
Naja kaouthia,0,1,1496,Origin
starPep_02524,4565,2,296,Peptide
starPep_01460,4565,2,295,Peptide
starPep_00769,4565,2,294,Peptide
starPep_00573,4565,2,293,Peptide
Apis dorsata,0,1,1420,Origin
starPep_03201,4736.34881,2,291,Peptide
starPep_01401,4736.34881,2,290,Peptide
starPep_01064,4736.34881,2,289,Peptide
starPep_00694,4736.34881,2,288,Peptide
starPep_01275,4787.657075,2,287,Peptide
Viperinae,0,1,1409,Origin
starPep_01815,5130.553403,3,285,Peptide
starPep_03099,5223.572727,2,284,Peptide
starPep_01788,5223.572727,2,283,Peptide
Eristicophis,0,1,1408,Origin
starPep_01454,5475,2,281,Peptide
starPep_01334,5475,2,280,Peptide
Lithobates onca,0,1,1372,Origin
Apis florea,0,1,1370,Origin
Ectatommini,0,1,1368,Origin
Lycosa erythrognatha,0,1,1342,Origin
Scombroidei,0,1,1332,Origin
Nematoda,0,1,1330,Origin
Myrmicinae,0,1,1323,Origin
Leptodactylus syphax,0,1,1312,Origin
Bothrops,0,1,1305,Origin
Bothrops pirajai,0,1,1304,Origin
Cucurbitales,0,1,1295,Origin
starPep_01035,5487,2,268,Peptide
Staphylococcus warneri,0,1,1294,Origin
starPep_00631,5487,2,266,Peptide
Andrenidae,0,1,1290,Origin
Pinopsida,0,1,1288,Origin
starPep_00421,5487,2,263,Peptide
Styela plicata,0,1,1263,Origin
Protobothrops,0,1,1261,Origin
Protobothrops mucrosquamatus,0,1,1260,Origin
Papilionoidea,0,1,1255,Origin
Hymenochirus,0,1,1245,Origin
Bagridae,0,1,1236,Origin
Labroidei,0,1,1234,Origin
Agnatha,0,1,1229,Origin
Crocodilia,0,1,1220,Origin
Babina,0,1,1210,Origin
Phasianus,0,1,1207,Origin
Naja,0,1,1204,Origin
Bungarus,0,1,1202,Origin
Neisseriales,0,1,1191,Origin
Citrobacter,0,1,1187,Origin
Hippoglossoidinae,0,1,1184,Origin
Nanorana,0,1,1182,Origin
Pachymedusa,0,1,1180,Origin
Leptodactylus laticeps,0,1,1179,Origin
Xenopus clivii,0,1,1178,Origin
Hylarana erythraea,0,1,1175,Origin
starPep_00003,5487,2,241,Peptide
Rana arvalis,0,1,1172,Origin
Lithobates capito,0,1,1163,Origin
Protozoa,0,1,1161,Origin
Xanthomonadales,0,1,1158,Origin
Xanthomonas,0,1,1157,Origin
starPep_00605,5673.333333,3,235,Peptide
starPep_03296,6293.940262,3,234,Peptide
starPep_01987,6400,3,233,Peptide
Euphorbiaceae,0,1,1155,Origin
starPep_01013,6701.333333,2,231,Peptide
starPep_00813,6701.333333,2,230,Peptide
starPep_00517,6701.333333,2,229,Peptide
Rana sakuraii,0,1,1153,Origin
Comamonadaceae,0,1,1151,Origin
starPep_02123,7092.945292,3,226,Peptide
starPep_01021,7254.333333,2,225,Peptide
starPep_00669,7254.333333,2,224,Peptide
Moraxellaceae,0,1,1149,Origin
Plesiomonas,0,1,1147,Origin
Fungi,0,1,1146,Origin
starPep_00422,7312,2,220,Peptide
Ascomycota,0,1,1145,Origin
Pezizomycotina,0,1,1144,Origin
Salmonella,0,1,1140,Origin
starPep_03114,7312,2,216,Peptide
Strigeatida,0,1,1138,Origin
starPep_01112,7312,2,214,Peptide
Epsilonproteobacteria,0,1,1134,Origin
Alphaproteobacteria,0,1,1130,Origin
starPep_00783,7312,2,211,Peptide
starPep_00512,7312,2,210,Peptide
Limanda,0,1,1128,Origin
Lactococcus,0,1,1120,Origin
Grammistes,0,1,1117,Origin
Capra,0,1,1116,Origin
Carnivora,0,1,1115,Origin
Drosophila virilis,0,1,1114,Origin
Microstomini,0,1,1113,Origin
Leptodactylus labyrinthicus,0,1,1112,Origin
Agalychnis,0,1,1110,Origin
Hylomantis,0,1,1109,Origin
Leptodactylus pentadactylus,0,1,1108,Origin
Rana kukunoris,0,1,1106,Origin
Megachilidae,0,1,1103,Origin
starPep_00037,7312,2,196,Peptide
Xenopus pygmaeus,0,1,1100,Origin
Dicentrarchus,0,1,1099,Origin
Phyllomedusa palliata,0,1,1098,Origin
Phyllomedusa nordestina,0,1,1097,Origin
Archaea,0,1,1096,Origin
Lithobates yavapaiensis,0,1,1095,Origin
Lithobates blairi,0,1,1094,Origin
Pseudomonadales,0,1,1093,Origin
Hippoglossinae,0,1,1092,Origin
starPep_01765,7516.64881,3,186,Peptide
starPep_00329,7516.64881,3,185,Peptide
starPep_00610,7750.5,3,184,Peptide
starPep_02857,7763.309935,3,183,Peptide
starPep_02314,7793.898701,3,182,Peptide
starPep_00099,8025.943723,2,181,Peptide
starPep_00077,8025.943723,2,180,Peptide
Spirochaetae,0,1,1090,Origin
starPep_00706,8447.77381,4,178,Peptide
Echiura,0,1,1089,Origin
starPep_03060,9135,2,176,Peptide
starPep_02749,9135,2,175,Peptide
Coriobacteridae,0,1,1088,Origin
Chondrichthyes,0,1,1083,Origin
Platyzoa,0,1,1082,Origin
Coleoptera,0,1,1081,Origin
starPep_00843,9135,2,170,Peptide
starPep_00798,9135,2,169,Peptide
Leptodactylidae,0,1,1073,Origin
Alytidae,0,1,1072,Origin
Hylarana guentheri,0,1,1068,Origin
Lithobates sevosus,0,1,1067,Origin
Pardachirus pavoninus,0,1,1066,Origin
Hylarana,0,1,1064,Origin
Staphylococcus epidermidis,0,1,1060,Origin
Odorrana,0,1,1059,Origin
Clitellata,0,1,1055,Origin
starPep_00018,9135,2,159,Peptide
Psalmopoeus,0,1,1054,Origin
Bubalus,0,1,1052,Origin
Ceratitis,0,1,1049,Origin
Siluridae,0,1,1048,Origin
Betaproteobacteria,0,1,1047,Origin
Reptilia,0,1,1046,Origin
Elapidae,0,1,1045,Origin
Hydrophiinae,0,1,1044,Origin
starPep_00737,9590.309935,3,150,Peptide
Proteobacteria,0,1,1041,Origin
Gammaproteobacteria,0,1,1040,Origin
starPep_01354,10943.25,3,147,Peptide
Alteromonadales,0,1,1039,Origin
starPep_11566,10956,2,145,Peptide
Streptococcus pyogenes,0,1,1038,Origin
Acidobacteria,0,1,1035,Origin
Hyperoliidae,0,1,1024,Origin
Melectini,0,1,1023,Origin
Silurana,0,1,1021,Origin
starPep_00502,10956,2,139,Peptide
Silurana tropicalis,0,1,1020,Origin
starPep_00156,10956,2,137,Peptide
Leiopelmatidae,0,1,1018,Origin
starPep_00085,10956,2,135,Peptide
Soleidae,0,1,1015,Origin
Oxyopidae,0,1,1013,Origin
Bacteroidia,0,1,1008,Origin
Dicroglossidae,0,1,1007,Origin
Phyllomedusa burmeisteri,0,1,1006,Origin
Bacillaceae,0,1,1005,Origin
Styelidae,0,1,1004,Origin
Protacanthopterygii,0,1,1003,Origin
Sinapis,0,1,1002,Origin
Brassicales,0,1,1001,Origin
Myrmeciinae,0,1,994,Origin
Actinobacteria,0,1,992,Origin
starPep_00637,11246.3987,3,122,Peptide
starPep_00098,11287.87143,4,121,Peptide
starPep_00002,11415.30993,3,120,Peptide
Phyllomedusa oreades,0,1,991,Origin
Phyllomedusa distincta,0,1,990,Origin
Asteranae,0,1,988,Origin
Malpighiales,0,1,987,Origin
Zodariidae,0,1,985,Origin
Drosophilidae,0,1,983,Origin
Drosophila simulans,0,1,982,Origin
starPep_01142,12775,2,112,Peptide
starPep_01115,12775,2,111,Peptide
Papio,0,1,976,Origin
Cercopithecini,0,1,975,Origin
starPep_00088,12775,2,108,Peptide
starPep_00062,12775,2,107,Peptide
Macaca fascicularis,0,1,974,Origin
Cercopithecoidea,0,1,973,Origin
Callitrichidae,0,1,972,Origin
Hylobatidae,0,1,971,Origin
Vespa,0,1,970,Origin
Rana muscosa,0,1,968,Origin
Rodentia,0,1,963,Origin
Urochordata,0,1,962,Origin
starPep_01066,13686.5,3,98,Peptide
starPep_00066,14013.33333,3,97,Peptide
starPep_00755,14107.4013,2,96,Peptide
Mytilus galloprovincialis,0,1,959,Origin
Lophozoa,0,1,958,Origin
Mollusca,0,1,957,Origin
Ostariophysi,0,1,956,Origin
starPep_03588,14592,2,91,Peptide
starPep_01571,14592,2,90,Peptide
starPep_00856,14592,2,89,Peptide
starPep_00624,14592,2,88,Peptide
starPep_00480,14592,2,87,Peptide
starPep_00381,14592,2,86,Peptide
Cypriniformes,0,1,955,Origin
Caprinae,0,1,954,Origin
Lagomorpha,0,1,953,Origin
Bombinatoridae,0,1,944,Origin
Bombina orientalis,0,1,943,Origin
Ctenidae,0,1,940,Origin
Sparidae,0,1,937,Origin
starPep_00162,14948.87143,6,78,Peptide
starPep_02082,15090.08884,5,77,Peptide
Aves,0,1,933,Origin
starPep_00384,16317,2,75,Peptide
starPep_00230,16317,2,74,Peptide
starPep_00473,16351.58333,2,73,Peptide
starPep_01199,16407,2,72,Peptide
Paraneoptera,0,1,931,Origin
Hemiptera,0,1,930,Origin
Lithobates,0,1,924,Origin
Ponginae,0,1,922,Origin
Pongo pygmaeus,0,1,921,Origin
Gorilla,0,1,919,Origin
starPep_00638,19338.84372,3,65,Peptide
starPep_00782,19521.56849,3,64,Peptide
starPep_00061,19560.71713,2,63,Peptide
starPep_02178,20031,2,62,Peptide
Diptera,0,1,918,Origin
Suidae,0,1,917,Origin
starPep_01410,20902.08369,5,59,Peptide
starPep_03716,21236.5,3,58,Peptide
starPep_00006,21391.71713,3,57,Peptide
Lepidoptera,0,1,916,Origin
Saturniidae,0,1,915,Origin
starPep_00005,23678,4,54,Peptide
Plantae,0,1,914,Origin
Streptophyta,0,1,913,Origin
starPep_00001,25355.33333,4,51,Peptide
starPep_00546,25452,2,50,Peptide
Lycosidae,0,1,912,Origin
Hogna,0,1,911,Origin
Hylinae,0,1,908,Origin
Pseudis,0,1,907,Origin
starPep_00070,27336.45238,2,45,Peptide
Pelodryadinae,0,1,906,Origin
Pelophylax,0,1,905,Origin
starPep_04402,29155.96387,2,42,Peptide
starPep_04048,29155.96387,2,41,Peptide
starPep_00622,29233.68565,2,40,Peptide
Glandirana,0,1,903,Origin
starPep_01109,30042.12596,2,38,Peptide
starPep_00627,30744.16667,2,37,Peptide
Hylidae,0,1,901,Origin
Bacteroidetes,0,1,898,Origin
Flavobacteriia,0,1,897,Origin
Flavobacterium,0,1,896,Origin
Ranidae,0,1,895,Origin
Moronidae,0,1,894,Origin
starPep_01011,32652,2,30,Peptide
starPep_00143,32652,2,29,Peptide
Actinopterygii,0,1,893,Origin
Perciformes,0,1,892,Origin
Epinephelini,0,1,891,Origin
Primates,0,1,890,Origin
Pan,0,1,889,Origin
starPep_00498,36493.58439,3,23,Peptide
Tachypleus,0,1,888,Origin
Merostomata,0,1,887,Origin
Carcinoscorpius,0,1,886,Origin
Bacteria,0,1,885,Origin
Posibacteria,0,1,884,Origin
Lactobacillales,0,1,883,Origin
Deuterostomia,0,1,882,Origin
Vespidae,0,1,881,Origin
Polistes,0,1,880,Origin
starPep_00116,47974.72596,11,13,Peptide
starPep_00131,55217.45281,6,12,Peptide
Apoidea,0,1,879,Origin
starPep_00236,72055,3,10,Peptide
starPep_00111,78129.43757,3,9,Peptide
starPep_00000,79252.5,6,8,Peptide
Apidae,0,1,878,Origin
starPep_00628,82214.2,3,6,Peptide
Apini,0,1,877,Origin
starPep_00304,106755.4311,3,4,Peptide
starPep_00112,111168.218,5,3,Peptide
kingdom,0,1,876,Origin
Hexapoda,0,1,875,Origin
