Peptide Sequence,ThPP ID,Other_info_inside_sequence,Final_Fasta_ID
LVYTDCTESGQNLCLCEGSNVCGQGNKCILGSDGEKNQCVTGEGTPKPQSHNDGDFEEIPEEYLQ,Th1001,,Th1001|
QVQLKQSGPGLVQPSQSLSITCTVSGFSLTNYGVHWVRQSPGKGLEWLGVIWSGGNTDYNTPFTSRLSINKDNSKSQVFFKMNSLQSNDTAIYYCARALTYYDYEFAYWGQGTLVTVSAASTKGPSVFPLAPSSKSTSGGTAALGCLVKDYFPEPVTVSWNSGALTSGVHTFPAVLQSSGLYSLSSVVTVPSSSLGTQTYICNVNHKPSNTKVDKRVEPKSPKSCDKTHTCPPCPAPELLGGP,Th1002,,Th1002|
LKIAAFNIQTFGETKMSNATLVSYIVQILSRYDIALVQEVRDSHLTAVGKLLDNLNQDAPDTYHYVVSEPLGRNSYKERYLFVYRPDQVSAVDSYYYDDGCEPCGNDTFNREPAIVRFFSRFTEVREFAIVPLHAAPGDAVAEIDALYDVYLDVQEKWGLEDVMLMGDFNAGCSYVRPSQWSSIRLWTSPTFQWLIPDSADTTATPTHCAYDRIVVAGMLLRGAVVPDSALPFNFQAAYGLSDQLAQAISDHYPV,Th1003,,Th1003|
MGADDVVDSSKSFVMENFSSYHGTKPGYVDSIQKGIQKPKSGTQGNYDDDWKGFYSTDNKYDAAGYSVDNENPLSGKAGGVVKVTYPGLTKVLALKVDNAETIKKELGLSLTEPLMEQVGTEEFIKRFGDGASRVVLSLPFAEGSSSVEYINNWEQAKALSVELEINFETRGKRGQDAMYEYMAQACAGNRVRRSVGSSLSCINLDWDVIRDKTKTKIESLKEHGPIKNKMSESPNKTVSEEKAKQYLEEFHQTA,Th1004,,Th1004|
LPAQVAFTPYAPEPGSTCRLREYYDQTAQMCCSKCSPGQHAKVFCTKTSDTVCDSCEDSTYTQLWNWVPECLSCGSRCSSDQVETQACTREQNRICTCRPGWYCALSKQEGCRLCAPLRKCRPGFGVARPGTETSDVVCKPCAPGTFSNTTSSTDICRPHQICNVVAIPGNASMDAVCTSTSPTRSMAPGAVHLPQPVSTRSQHTQPTPEPSTAPSTSFLLPMGPSPPAEGSTGDEPKSCDKTHTCPPCPAPELL,Th1005,,Th1005|
FPRPGGGGNGDFEEIPEEYL,Th1006,,Th1006|
PHWSYLLR,Th1007,,Th1007|
CDLPQTHSLGSRRTLMLLAQMRRISLFSCLKDRHDFGFPQEEFGNQFQKAETIPVLHEMIQQIFNLFSTKDSSAAWDETLLDKFYTELYQQLNDLEACVIQGVGVTETPLMKEDSILAVRKYFQRITLYLKEKKYSPCAWEVVRAEIMRSFSLSTNLQESLRSKE,Th1008,,Th1008|
SYQVICRDEKTQMIYQQHQSWLRPVLRSNRVEYCWCNSGRAQCHSVPVKSCSEPRCFNGGTCQQALYFSDFVCQCPEGFAGKCCEIDTRATCYEDQGISYRGTWSTAESGAECTNWNSSALAQKPYSGRRPDAIRLGLGNHNYCRNPDRDSKPWCYVFKAGKYSSEFCSTPACSEGNSDCYFGNGSAYRGTHSLTESGASCLPWNSMILIGKVYTAQNPSAQALGLGKHNYCRNPDGDAKPWCHVLKNRRLTWEY,Th1009,,Th1009|
CDLPQTHSLGSRRTLMLLAQMRKISLFSCLKDRHDFGFPQEEFGNQFQKAETIPVLHEMIQQIFNLFSTKDSSAAWDETLLDKFYTELYQQLNDLEACVIQGVGVTETPLMKEDSILAVRKYFQRITLYLKEKKYSPCAWEVVRAEIMRSFSLSTNLQESLRSKE,Th1010,,Th1010|
APPRLICDSRVLERYLLEAKEAENITTGCAEHCSLNENITVPDTKVNFYAWKRMEVGQQAVEVWQGLALLSEAVLRGQALLVNSSQPWEPLQLHVDKAVSGLRSLTTLLRALGAQKEAISPPDAASAAPLRTITADTFRKLFRVYSNFLRGKLKLYTGEACRTGDR,Th1011,,Th1011|
SYQGNSDCYFGNGSAYRGTHSLTESGASCLPWNSMILIGKVYTAQNPSAQALGLGKHNYCRNPDGDAKPWCHVLKNRRLTWEYCDVPSCSTCGLRQYSQPQFRIKGGLFADIASHPWQAAIFAKHRRSPGERFLCGGILISSCWILSAAHCFQERFPPHHLTVILGRTYRVVPGEEEQKFEVEKYIVHKEFDDDTYDNDIALLQLKSDSSRCAQESSVVRTVCLPPADLQLPDWTECELSGYGKHEALSPFYSER,Th1012,,Th1012|
CSNLSTCVLGKLSQELHKLQTYPRTNTGSGTP,Th1014,,Th1014|
CDLPQTHSLGSRRTLMLLAQMRKISLFSCLKDRHDFGFPQEEFGNQFQKAETIPVLHEMIQQIFNLFSTKDSSAAWDETLLDKFYTELYQQLNDLEACVIQGVGVTETPLMKEDSILAVRKYFQRITLYLKEKKYSPCAWEVVRAEIMRSFSLSTNLQESLRSKE,Th1015,Alpha-2A,Th1015|Alpha-2A
CDLPQTHSLGSRRTLMLLAQMRRISLFSCLKDRHDFGFPQEEFGNQFQKAETIPVLHEMIQQIFNLFSTKDS,Th1015,Alpha-2B,Th1015|Alpha-2B
MTPLGPASSLPQSFLLKCLEQVRKIQGDGAALQEKLCATYKLCHPEELVLLGHSLGIPWAPLSSCPSQALQLAGCLSQLHSGLFLYQGLLQALEGISPELGPTLDTLQLDVADFATTIWQQMEELGMAPALQPTQGAMPAFASAFQRRAGGVLVASHLQSFLEVSYRVLRHLAQP,Th1016,,Th1016|
APARSPSPSTQPWEHVNAIQEALRLLNLSRDTAAEMNETVEVISEMFDLQEPTCLQTRLELYKQGLRGSLTKLKGPLTMMASHYKQHCPPTPETSCATQIITFESFKENLKDFLLVIPFDCWEPVQE,Th1017,,Th1017|
HSDGTFTSELSRLRDSARLQRLLQGLV,Th1018,,Th1018|
QMSLQQELRYIEALSAIVETGQKMLEAGESALDVVTEAVRLLEECPLFNAGIGAVFTRDETHELDACVMDGNTLKAGAVAGVSHLRNPVLAARLVMEQSPHVMMIGEGAENFAFARGMERVSPEIFSTSLRYEQLLAARKEGATVLDHSGAPLDEKQKMGTVGAVALDLDGNLAAATSTGGMTNKLPGRVGDSPLVGAGCYANNASVAVSCTGTGEVFIRALAAYDIAALMDYGGLSL,Th1020,,Th1020|
APDVQDCPECTLQENPFFSQPGAPILQCMGCCFSRAYPTPLRSKKTMLVQKNVTSESTCCVAKSYNRVTVMGGFKVENHTACHCSTCYYHKS,Th1021,Alpha chain,Th1021|Alpha chain
FCIPTEYTMHIERRECAYCLTINTTICAGYCMTRDINGKLFLPKYALSQDVCTYRDFIYRTVEIPGCPLHVAPYFSYPVALSCKCGKCNTDYSDCIHEAIKTNYCTKPQKSY,Th1021,Beta chain,Th1021|Beta chain
ATRRYYLGAVELSWDYMQSDLGELPVDARFPPRVPKSFPFNTSVVYKKTLFVEFTDHLFNIAKPRPPWMGLLGPTIQAEVYDTVVITLKNMASHPVSLHAVGVSYWKASEGAEYDDQTSQREKEDDKVFPGGSHTYVWQVLKENGPMASDPLCLTYSYLSHVDLVKDLNSGLIGALLVCREGSLAKEKTQTLHKFILLFAVFDEGKSWHSETKNSLMQDRDAASARAWPKMHTVNGYVNRSLPGLIGCHRKSVYW,Th1022,,Th1022|
MRPSGRKSSKMQAFRIWDVNQKTFYLRNNQLVAGYLQGPNVNLEEKIDVVPIEPHALFLGIHGGKMCLSCVKSGDETRLQLEAVNITDLSENRKQDKRFAFIRSDSGPTTSFESAACPGWFLCTAMEADQPVSLTNMPDEGVMVTKFYFQEDE,Th1023,,Th1023|
VGALAVVVWLWLWLWX,Th1024,,Th1024|
PSALTQPPSASGSLGQSVTISCTGTSSDVGGYNYVSWYQQHAGKAPKVIIYEVNKRPSGVPDRFSGSKSGNTASLTVSGLQAEDEADYYCSSYEGSDNFVFGTGTKVTVLGQPKANPTVTLFPPSSEELQANKATEVCLISDFYPGAVTVAWKADGSPVKAGVETTKPSKQSNNKYAASSYLSLTPEQWKSHRSYSCQVTHEGSTVEKTVAPTECSPLVLQESGPGLVKPSEALSLTCTVSGDSINTILY,Th1025,,Th1025|
GIVEQCCTSICSLYQLENYCN,Th1027,Alpha chain,Th1027|Alpha chain
FVNQHLCGSHLVEALYLVCGERGFFYTPKT,Th1027,Beta chain,Th1027|Beta chain
SYQVICRDEKTQMIYQQHQSWLRPVLRSNRVEYCWCNSGRAQCHSVPVKSCSEPRCFNGGTCQQALYFSDFVCQCPEGFAGKCCEIDTRATCYEDQGISYRGNWSTAESGAECTQWNSSALAQKPYSGRRPDAIRLGLGNHNYCRNPDRDSKPWCYVFKAGKYSSEFCSTPACSEGNSDCYFGNGSAYRGTHSLTESGASCLPWNSMILIGKVYTAQNPSAQALGLGKHNYCRNPDGDAKPWCHVLKNRRLTWEY,Th1028,,Th1028|
APDVQDCPECTLQENPFFSQPGAPILQCMGCCFSRAYPTPLRSKKTMLVQKNVTSESTCCVAKSYNRVTVMGGFKVENHTACHCSTCYYHKS,Th1029,Alpha-Chain(LH),Th1029|Alpha-Chain(LH)
SREPLRPWCHPINAILAVEKEGCPVCITVNTTICAGYCPTMMRVLQAVLPPLPQVVCTYRDVRFESIRLPGCPRGVDPVVSFPVALSCRCGPCRRSTSDCGGPKDHPLTCDHPQLSGLLFL,Th1029, Beta-Chain(LH),Th1029| Beta-Chain(LH)
CYCQDPYVKEAENLKKYFNAGHSDVADNGTLFLGILKNWKEESDRKIMQSQIVSFYFKLFKNFKDDQSIQKSVETIKEDMNVKFFNSNKKKRDDFEKLTNYSVTDLNVQRKAIHELIQVMAELSPAAKTGKRKRSQMLFRGRRASQ,Th1030,,Th1030|
ANAFLEELRPGSLERECKEEQCSFEEAREIFKDAERTKLFWISYSDGDQCASSPCQNGGSCKDQLQSYICFCLPAFEGRNCETHKDDQLICVNENGGCEQYCSDHTGTKRSCRCHEGYSLLADGVSCTPTVEYPCGKIPILEKRNASKPQGRIVGGKVCPKGECPWQVLLLVNGAQLCGGTLINTIWVVSAAHCFDKIKNWRNLIAVLGEHDLSEHDGDEQSRRVAQVIIPSTYVPGTTNHDIALLRLHQPVVLT,Th1032,,Th1032|
GPPPGPPRVSPDPRAELDSTVLLTRSLLADTRQLAAQLRDKFPADGDHNLDSLPTLAMSAGALGALQLPGVLTRLRADLLSYLRHVQWLRRAGGSSLKTLEPELGTLQARLDRLLRRLQLLMSRLALPQPPPDPPAPPLAPPSSAWGGIRAAHAILGGLHLTLDWAVRGLLLLKTRL,Th1033,,Th1033|
SYDYMEGGDIRVRRLFCRTQWYLRIDKRGKVKGTQEMKNNYNIMEIRTVAVGIVAIKGVESEFYLAMNKEGKLYAKKECNEDCNFKELILENHYNTYASAKWTHNGGEMFVALNQKGIPVRGKKTKKEQKTAHFLPMAIT,Th1034,,Th1034|
HSQGTFTSDYSKYLDSRRAQDFVQWLMNT,Th1035,,Th1035|
MAPTSSSTKKTQLQLEHLLLDLQMILNGINNYKNPKLTRMLTFKFYMPKKATELKHLQCLEEELKPLEEVLNLAQSKNFHLRPRDLISNINVIVLELKGSETTFMCEYADETATIVEFLNRWITFCQSIISTLT,Th1036,,Th1036|
MPVTINNFNYNDPIDNNNIIMMEPPFARGTGRYYKAFKITDRIWIIPERYTFGYKPEDFNKSSGIFNRDVCEYYDPDYLNTNDKKNIFLQTMIKLFNRIKSKPLGEKLLEMIINGIPYLGDRRVPLEEFNTNIASVTVNKLISNPGEVERKKGIFANLIIFGPGPVLNENETIDIGIQNHFASREGFGGIMQMKFCPEYVSVFNNVQENKGASIFNRRGYFSDPALILMHELIHVLHGLYGIKVDDLPIVPNEKK,Th1037,,Th1037|
EVQLVESGGGLVQPGGSLRLSCAVSGYSITSGYSWNWIRQAPGKGLEWVASITYDGSTNYADSVKGRFTISRDDSKNTFYLQMNSLRAEDTAVYYCARGSHYFGHWHFAVWGQGTLVTVSSGPSVFPLAPSSKSTSGGTAALGCLVKDYFPEPVTVSWNSGALTSGVHTFPAVLQSSGLYSLSSVVTVPSSSLGTQTYICNVNHKPSNTKVDKKAEPKSCDKTHTCPPCPAPELLGGPSVFL,Th1038,,Th1038|
APDVQDCPECTLQENPFFSQPGAPILQCMGCCFSRAYPTPLRSKKTMLVQKNVTSESTCCVAKSYNRVTVMGGFKVENHTACHCSTCYYHKS,Th1039,Alpha chain,Th1039|Alpha chain
SREPLRPWCHPINAILAVEKEGCPVCITVNTTICAGYCPTMMRVLQAVLPPLPQVVCTYRDVRFESIRLPGCPRGVDPVVSFPVALSCRCGPCRRSTSDCGGPKDHPLTCDHPQLSGLLFL,Th1039,Beta chain,Th1039|Beta chain
GIVEQCCTSICSLYQLENYCN,Th1040,Alpha chain,Th1040|Alpha chain
FVNQHLCGSHLVEALYLVCGERGFFYTKPT,Th1040,Beta chain,Th1040|Beta chain
GIVEQCCTSICSLYQLENYCG,Th1041,Alpha chain,Th1041|Alpha chain
FVNQHLCGSHLVEALYLVCGERGFFYTPKTRR,Th1041,Beta chain,Th1041|Beta chain
MKRKCLSKRLMLAITMATIFTVNSTLPIYAAVDKNNATAAVQNESKRYTVSYLKTLNYYDLVDLLVKTEIENLPDLFQYSSDAKEFYGNKTRMSFIMDEIGRRAPQYTEIDHKGIPTLVEVVRAGFYLGFHNKELNEINKRSFKERVIPSILAIQKNPNFKLGTEVQDKIVSATGLLAGNETAPPEVVNNFTPILQDCIKNIDRYALDDLKSKALFNVLAAPTYDITEYLRATKEKPENTPWYGKIDGFINELKK,Th1042,,Th1042|
SAVKAARYGKDNVRVYKVHKDEKTGVQTVYEMTVCVLLEGEIETSYTKADNSVIVATDSIKNTIYITAKQNPVTPPELFGSILGTHFIEKYNHIHAAHVNIVCHRWTRMDIDGKPHPHSFIRDSEEKRNVQVDVVEGKGIDIKSSLSGLTVLKSTNSQFWGFLRDEYTTLKETWDRILSTDVDATWQWKNFSGLQEVRSHVPKFDATWATAREVTLKTFAEDNSASVQATMYKMAEQILARQQLIETVEYSLPNK,Th1043,,Th1043|
DIQMTQSPSSLSASVGDRVTITCRASQGIRNYLAWYQQKPGKAPKLLIYAASTLQSGVPSRFSGSGSGTDFTLTISSLQPEDVATYYCQRYNRAPYTFGQGTKVEIKRTVAAPSVFIFPPSDEQLKSGTASVVCLLNNFYPREAKVQWKVDNALQSGNSQESVTEQDSKDSTYSLSSTLTLSKADYEKHKVYACEVTHQGLSSPVTKSFNRGEC,Th1044,Light chain,Th1044|Light chain
EVQLVESGGGLVQPGRS,Th1044,Heavy Chain,Th1044|Heavy Chain
ARPCIPKSFGYSSVVCVCNATYCDSFDPPTFPALGTFSRYESTRSGRRMELSMGPIQANHTGTGLLLTLQPEQKFQKVKGFGGAMTDAAALNILALSPPAQNLLLKSYFSEEGIGYNIIRVPMASCDFSIRTYTYADTPDDFQLHNFSLPEEDTKLKIPLIHRALQLAQRPVSLLASPWTSPTWLKTNGAVNGKGSLKGQPGDIYHQTWARYFVKFLDAYAEHKLQFWAVTAENEPSAGLLSGYPFQCLGFTPEH,Th1045,,Th1045|
EVQLQQSGAELVKPGASVKLSCTASGFNIKDTYVHWVKQRPEQGLEWIGRIDPANGYTKYDPKFQGKATITADTSSNTAYLQLSSLTSEDTAVYYCVRPLYDYYAMDYWGQGTSVTVSSAKTTAPSVYPLAPVCGDTTGSSVTLGCLVKGYFPEPVTLTWNSGSLSSGVHTFPAVLQSDLYTLSSSVTVTSSTWPSQSITCNVAHPASSTKVDKKIE,Th1046,,Th1046|
EDPQGDAAQKTDTSHHDQDHPTFNKITPNLAEFAFSLYRQLAHQSNSTNIFFSPVSIATAFAMLSLGTKADTHDEILEGLNFNLTEIPEAQIHEGFQELLRTLNQPDSQLQLTTGNGLFLSEGLKLVDKFLEDVKKLYHSEAFTVNFGDTEEAKKQINDYVEKGTQGKIVDLVKELDRDTVFALVNYIFFKGKWERPFEVKDTEEEDFHVDQVTTVKVPMMKRLGMFNIQHCKKLSSWVLLMKYLGNATAIFFLP,Th1047,,Th1047|
MEFFKKTALAALVMGFSGAALALPNITILATGGTIAGGGDSATKSNYTVGKVGVENLVNAVPQLKDIANVKGEQVVNIGSQDMNDNVWLTLAKKINTDCDKTDGFVITHGTDTMEETAYFLDLTVKCDKPVVMVGAMRPSTSMSADGPFNLYNAVVTAADKASANRGVLVVMNDTVLDGRDVTKTNTTDVATFKSVNYGPLGYIHNGKIDYQRTPARKHTSDTPFDVSKLNELPKVGIVYNYANASDLPAKALVD,Th1048,,Th1048|
MSYNLLGFLQRSSNFQCQKLLWQLNGRLEYCLKDRMNFDIPEEIKQLQQFQKEDAALTIYEMLQNIFAIFRQDSSSTGWNETIVENLLANVYHQINHLKTVLEEKLEKEDFTRGKLMSSLHLKRYYGRILHYLKAKEYSHCAWTIVRVEILRNFYFINRLTGYLRN,Th1049,,Th1049|
MAQTPAFNKPKVELHVHLDGAIKPETILYYGRKRGIALPADTPEELQNIIGMDKPLSLPEFLAKFDYYMPAIAGCREAVKRIAYEFVEMKAKDGVVYVEVRYSPHLLANSKVEPIPWNQAEGDLTPDEVVSLVNQGLQEGERDFGVKVRSILCCMRHQPSWSSEVVELCKKYREQTVVAIDLAGDETIEGSSLFPGHVKAYAEAVKSGVHRTVHAGEVGSANVVKEAVDTLKTERLGHGYHTLEDATLYNRLRQE,Th1050,,Th1050|
MKWVTFISLLFLFSSAYSRGVFRRDAHKSEVAHRFKDLGEENFKALVLIAFAQYLQQCPFEDHVKLVNEVTEFAKTCVADESAENCDKSLHTLFGDKLCTVATLRETYGEMADCCAKQEPERNECFLQHKDDNPNLPRLVRPEVDVMCTAFHDNEETFLKKYLYEIARRHPYFYAPELLFFAKRYKAAFTECCQAADKAACLLPKLDELRDEGKASSAKQRLKCASLQKFGERAFKAWAVARLSQRFPKAEFAEV,Th1051,,Th1051|
MKWVTFISLLFLFSSAYSRGVFRRDAHKSEVAHRFKDLGEENFKALVLIAFAQYLQQCPFEDHVKLVNEVTEFAKTCVADESAENCDKSLHTLFGDKLCTVATLRETYGEMADCCAKQEPERNECFLQHKDDNPNLPRLVRPEVDVMCTAFHDNEETFLKKYLYEIARRHPYFYAPELLFFAKRYKAAFTECCQAADKAACLLPKLDELRDEGKASSAKQGLKCASLQKFGERAFKAWAVARLSQRFPKAEFAEV,Th1053,,Th1053|
APDVQDCPECTLQENPFFSQPGAPILQCMGCCFSRAYPTPLRSKKTMLVQKNVTSESTCCVAKSYNRVTVMGGFKVENHTACHCSTCYYHKS,Th1055,Alpha chain,Th1055|Alpha chain
NSCELTNITIAIEKEECRFCISINTTWCAGYCYTRDLVYKDPARPKIQKTCTFKELVYETVRVPGCAHHADSLYTYPVATQCHCGKCDSDSTDCTVRGLGPSYCSFGEMKE,Th1055,Beta chain,Th1055|Beta chain
CYFQNCPRG,Th1056,,Th1056|
MSYNLLGFLQRSSNFQSQKLLWQLNGRLEYCLKDRMNFDIPEEIKQLQQFQKEDAALTIYEMLQNIFAIFRQDSSSTGWNETIVENLLANVYHQINHLKTVLEEKLEKEDFTRGKLMSSLHLKRYYGRILHYLKAKEYSHCAWTIVRVEILRNFYFINRLTGYLRN,Th1057,,Th1057|
CDLPQTHSLGSRRTLMLLAQMRRISLFSCLKDRHDFGFPQEEFGNQFQKAETIPVLHEMIQQIFNLFSTKDSSAAWDETLLDKFYTELYQQLNDLEACVIQGVGVTETPLMNEDSILAVRKYFQRITLYLKEKKYSPCAWEVVRAEIMRSFSLSTNLQESLRSKE,Th1058,,Th1058|
MWTGLGPAVTLALVLVVAWATELKPTAPPIFTGRPFVVAWDVPTQDCGPRHKMPLDPKDMKAFDVQASPNEGFVNQNITIFYRDRLGMYPHFNSVGGSVHGGVPQNGSLWVHLEMLKGHVEHYIRTQEPAGLAVIDWEDWRPVWVRNWQDKDVYRRLSRQLVASHHPDWPPERIVKEAQYEFEFAARQFMLETLRFVKAFRPRHLWGFYLFPDCYNHDYVQNWETYTGRCPDVEVSRNDQLSWLWAESTALFPSV,Th1059,,Th1059|
GIVEQCCTSICSLYQLENYCN,Th1060,Alpha chain,Th1060|Alpha chain
FVNQHLCGSHLVEALYLVCGERGFFYTPKT,Th1060,Beta chain,Th1060|Beta chain
DIQMTQSPSSLSASVGDRVTITCRASQDVNTAVAWYQQKPGKAPKLLIYSASFLYSGVPSRFSGSRSGTDFTLTISSLQPEDFATYYCQQHYTTPPTFGQGTKVEIKRTVAAPSVFIFPPSDEQLKSGTASVVCLLNNFYPREAKVQWKVDNALQSGNSQESVTEQDSKDSTYSLSSTLTLSKADYEKHKVYACEVTHQGLSSPVTKSFNRGEC,Th1061,Light chain,Th1061|Light chain
EVQLVESGGG,Th1061,Heavy Chain,Th1061|Heavy Chain
QVQLQQPGAELVKPGASVKMSCKASGYTFTSYNMHWVKQTPGRGLEWIGAIYPGNGDTSYNQKFKGKATLTADKSSSTAYMQLSSLTSEDSAVYYCARSTYYGGDWYFNVWGAGTTVTVSAASTKGPSVFPLAPSSKSTSGGTAALGCLVKDYFPEPVTVSWNSGALTSGVHTFPAVLQSSGLYSLSSVVTVPSSSLGTQTYICNVNHKPSNTKVDKKVEPKSCDKTHTCPPCPAPELLGGP,Th1062,,Th1062|
QLQQSGTVLARPGASVKMSCKASGYSFTRYWMHWIKQRPGQGLEWIGAIYPGNSDTSYNQKFEGKAKLTAVTSASTAYMELSSLTHEDSAVYYCSRDYGYYFDFWGQGTTLTVSSASTKGPSVFPLAPSSKSTSGGTAALGCLVKDYFPEPVTVSWNSGALTSGVHTFPAVLQSSGLYSLSSVVTVPSSSLGTQTYICNVNHKPSNTKVDKRVEPPKSCDKTHTCPPCPAPELLGGPSVFLF,Th1063,,Th1063|
QVQLQQSGAELARPGASVKMSCKASGYTFTRYTMHWVKQRPGQGLEWIGYINPSRGYTNYNQKFKDKATLTTDKSSSTAYMQLSSLTSEDSAVYYCARYYDDHYCLDYWGQGTTLTVSSAKTTAPSVYPLAPVCGGTTGSSVTLGCLVKGYFPEPVTLTWNSGSLSSGVHTFPAVLQSDLYTLSSSVTVTSSTWPSQSITCNVAHPASSTKVDKKIEPRPKSCDKTHTCPPCPAPELLGGPS,Th1064,,Th1064|
EVQLQQSGPELVKPGASVRMSCKSSGYIFTDFYMNWVRQSHGKSLDYIGYISPYSGVTGYNQKFKGKATLTVDKSSSTAYMELRSLTSEDSAVYYCAGSSGNKWAMDYWGHGASVTVSSAKTTAPSVYPLAPVCGDTTGSSVTLGCLVKGYFPEPVTLTWNSGSLSSGVHTFPAVLQSDLYTLSSSVTVTSSTWPSQSITCNVAHPASSTKVDKKIEP,Th1065,,Th1065|
DVVMTQTPL,Th1065,Light Chain,Th1065|Light Chain
QAYLQQSGAELVRPGASVKMSCKASGYTFTSYNMHWVKQTPRQGLEWIGAIYPGNGDTSYNQKFKGKATLTVDKSSSTAYMQLSSLTSEDSAVYFCARVVYYSNSYWYFDVWGTGTTVTVSAPSVYPLAPVCGDTTGSSVTLGCLVKGYFPEPVTLTWNSGSLSSGVHTFPAVLQSDLYTLSSSVTVTSSTWPSQSITCNVAHPASSTKVDKKIEPRGPTIKPCPPCKCPAPNLLGGPSVFI,Th1066,,Th1066|
QAYLQQSGAELVRPGASVKMSCKASGYTFTSYNMHWVKQTPRQGLEWIGAIYPGNGDTSYNQKFKGKATLTVDKSSSTAYMQLSSLTSEDSAVYFCARVVYYSNSYWYFDVWGTGTTVTVSGPSVFPLAPSSKSTSGGTAALGCLVKDYFPEPVTVSWNSGALTSGVHTFPAVLQSSGLYSLSSVVTVPSSSLGTQTYICNVNHKPSNTKVDKKAEPKSCDKTHTCPPCPAPELLGGPSV,Th1068,,Th1068|
FPTIPLSRLFDNAMLRAHRLHQLAFDTYQEFEEAYIPKEQKYSFLQNPQTSLCFSESIPTPSNREETQQKSNLELLRISLLLIQSWLEPVQFLRSVFANSLVYGASDSNVYDLLKDLEEGIQTLMGRLEDGSPRTGQIFKQTYSKFDTNSHNDDALLKNYGLLYCFRKDMDKVETFLRIVQCRSVEGSCGF,Th1069,,Th1069|
MPFVNKQFNYKDPVNGVDIAYIKIPNVGQMQPVKAFKIHNKIWVIPERDTFTNPEEGDLNPPPEAKQVPVSYYDSTYLSTDNEKDNYLKGVTKLFERIYSTDLGRMLLTSIVRGIPFWGGSTIDTELKVIDTNCINVIQPDGSYRSEELNLVIIGPSADIIQFECKSFGHEVLNLTRNGYGSTQYIRFSPDFTFGFEESLEVDTNPLLGAGKFATDPAVTLAHELIHAGHRLYGIAINPNRVFKVNTNAYYEMSG,Th1070,,Th1070|
QYSPNTQQGRTSIVHLFEWRWVDIALECERYLAPKGFGGVQVSPPNENVAIYNPFRPWWERYQPVSYKLCTRSGNEDEFRNMVTRCNNVGVRIYVDAVINHMCGNAVSAGTSSTCGSYFNPGSRDFPAVPYSGWDFNDGKCKTGSGDIENYNDATQVRDCRLTGLLDLALEKDYVRSKIAEYMNHLIDIGVAGFRLDASKHMWPGDIKAILDKLHNLNSNWFPAGSKPF,Th1071,,Th1071|
MKNYLSFGMFALLFALTFGTVNSVQAIAGPEWLLDRPSVNNSQLVVSVAGTVEGTNQDISLKFFEIDLTSRPAHGGKTEQGLSPKSKPFATDSGAMSHKLEKADLLKAIQEQLIANVHSNDDYFEVIDFASDATITDRNGKVYFADKDGSVTLPTQPVQEFLLSGHVRVRPYKEKPIQNQAKSVDVEYTVQFTPLNPDDDFRPGLKDTKLLKTLAIGDTITSQELLAQAQSILNKNHPGYTIYERDSSIVTHDND,Th1072,,Th1072|
QVQLQESGPGLVRPSQTLSLTCTVSGFTFTDFYMNWVRQPPGRGLEWIGFIRDKAKGYTTEYNPSVKGRVTMLVDTSKNQFSLRLSSVTAADTAVYYCAREGHTAAPFDYWGQGSLVTVSSASTKGPSVFPLAPSSKSTSGGTAALGCLVKDYFPEPVTVSWNSGALTSGVHTFPAVLQSSGLYSLSSVVTVPSSSLGTQTYICNVNHKPSNTKVDKKVEPKSCDKTHTCPPCPAPELLG,Th1073,,Th1073|
APHLVQVDAARALWPLRRFWRSTGFCPPLPHSQADQYVLSWDQQLNLAYVGAVPHRGIKQVRTHWLLELVTTRGSTGRGLSYNFTHLDGYLDLLRENQLLPGFELMGSASGHFTDFEDKQQVFEWKDLVSSLARRYIGRYGLAHVSKWNFETWNEPDHHDFDNVSMTMQGFLNYYDACSEGLRAASPALRLGGPGDSFHTPPRSPLSWGLLRHCHDGTNFFTGEAGVRLDYISLHRKGARSSISILEQEKVVAQQ,Th1076,,Th1076|
APDVQDCPECTLQENPFFSQPGAPILQCMGCCFSRAYPTPLRSKKTMLVQKNVTSESTCCVAKSYNRVTVMGGFKVENHTACHCSTCYYHKS,Th1077,Alpha chain,Th1077|Alpha chain
NSCELTNITIAIEKEECRFCISINTTWCAGYCYTRDLVYKDPARPKIQKTCTFKELVYETVRVPGCAHHADSLYTYPVATQCHCGKCDSDSTDCTVRGLGPSYCSFGEMKE,Th1077,Beta chain,Th1077|Beta chain
DIQMTQSPSSLSASVGDRVTITCRASKTISKYLAWXQQKPGKAPKLLIYSGSTLQSGVPSRFSGSGSGTDFTLTISSLQPEDFATYYCQQHNEYPLTFGQGTKVEIKR,Th1078,Light chain,Th1078|Light chain
EVQLVESGGGLVQPGGSLRLSCAASGYSFTGHWMNWVRQAPGKGLEWVGIMIHPSDSETRYNQKFKDIRFTISVDKSKNTLYLQMNSLRAEDTAVYYCARIGIYFYGTTYFDYIWGQGTLV,Th1078,Heavy Chain,Th1078|Heavy Chain
DAHKSEVAHRFKDLGEENFKALVLIAFAQYLQQCPFEDHVKLVNEVTEFAKTCVADESAENCDKSLHTLFGDKLCTVATLRETYGEMADCCAKQEPERNECFLQHKDDNPNLPRLVRPEVDVMCTAFHDNEETFLKKYLYEIARRHPYFYAPELLFFAKRYKAAFTECCQAADKAACLLPKLDELRDEGKASSAKQRLKCASLQKFGERAFKAWAVARLSQRFPKAEFAEVSKLVTDLTKVHTECCHGDLLECAD,Th1079,,Th1079|
APDVQDCPECTLQENPFFSQPGAPILQCMGCCFSRAYPTPLRSKKTMLVQKNVTSESTCCVAKSYNRVTVMGGFKVENHTACHCSTCYYHKS,Th1080,Alpha chain,Th1080|Alpha chain
SKEPLRPRCRPINATLAVEKEGCPVCITVNTTICAGYCPTMTRVLQGVLPALPQVVCNYRDVRFESIRLPGCPRGVNPVVSYAVALSCQCALCRRSTTDCGGPKDHPLTCDDPRFQDSSSSKAPPPSLPSPSRLPGP,Th1080,Beta chain,Th1080|Beta chain
YNSGKLEEFVQGNLERECMEEKCSFEEAREVFENTERTTEFWKQYVDGDQCESNPCLNGGSCKDDINSYECWCPFGFEGKNCELDVTCNIKNGRCEQFCKNSADNKVVCSCTEGYRLAENQKSCEPAVPFPCGRVSVSQTSKLTRAEAVFPDVDYVNSTEAETILDNITQSTQSFNDFTRVVGGEDAKPGQFPWQVVLNGKVDAFCGGSIVNEKWIVTAAHCVETGVKITVVAGEHNIEETEHTEQKRNVIRIIP,Th1083,,Th1083|
SLGSLTIAEPAMIAECKTRTEVFEISRRLIDRTNANFLVWPPCVEVQRCSGCCNNRNVQCRPTQVQLRPVQVRKIEIVRKKPIFKKATVTLEDHLACKCETVAAARPVT,Th1084,,Th1084|
LDNGLARTPTMGWLHWERFMCNLDCQEEPDSCISEKLFMEMAELMVSEGWKDAGYEYLCIDDCWMAPQRDSEGRLQADPQRFPHGIRQLANYVHSKGLKLGIYADVGNKTCAGFPGSFGYYDIDAQTFADWGVDLLKFDGCYCDSLENLADGYKHMSLALNRTGRSIVYSCEWPLYMWPFQKPNYTEIRQYCNHWRNFADIDDSWKSIKSILDWTSFNQERIVDVAGPGGWNDPDMLVIGNFGLSWNQQVTQMAL,Th1085,,Th1085|
CYIQNCPLG,Th1087,,Th1087|
YTSLIHSLIEESQNQQEKNEQELLELDKWASLWNWF,Th1088,,Th1088|
QVTLRESGPALVKPTQTLTLTCTFSGFSLSTSGMSVGWIRQPPGKALEWLADIWWDDKKDYNPSLKSRLTISKDTSKNQVVLKVTNMDPADTATYYCARSMITNWYFDVWGAGTTVTVSS,Th1089,,Th1089|
QVQLVQSGAEVKKPGSSVKVSCKASGYTFTSYRMHWVRQAPGQGLEWIGYINPSTGYTEYNQKFKDKATITADESTNTAYMELSSLRSEDTAVYYCARGGGVFDYWGQGTTLTVSSGPSVFPLAPSSKSTSGGTAALGCLVKDYFPEPVTVSWNSGALTSGVHTFPAVLQSSGLYSLSSVVTVPSSSLGTQTYICNVNHKPSNTKVDKKAEPKSCDKTHTCPPCPAPELLGGPSVFLFPPKPKDTLMISRTPEVT,Th1090,,Th1090|
DIQMTQSPSSLSASVGDRVTITCSASQDISNYLNWYQQKPGKAPKVLIYFTSSLHSGVPSRFSGSGSGTDFTLTISSLQPEDFATYYCQQYSTVPWTFGQGTKVEIKRTVAAPSVFIFPPSDEQLKSGTASVVCLLNNFYPREAKVQWKVDNALQSGNSQESVTEQDSKDSTYSLSSTLTLSKADYEKHKVYACEVTHQGLSSPVTKSFNRGEC,Th1091,,Th1091|
EVKLVESGGGLVQPGGSLRLSCATSGFTFTDYYMNWVRQPPGKALEWLGFIGNKANGYTTEYSASVKGRFTISRDKSQSILYLQMNTLRAEDSATYYCTRDRGLRFYFDYWGQGTTLTVSSAKTTPPSVYPLAPGSAAQTNSMVTLGCLVKGYFPEPVTVTWNSGSLSSGVHTFPAVLQSDLYTLSSSVTVPSSPRPSETVTCNVAHPASSTKVDKKIVPRDCPPCKCPAPNL,Th1092,,Th1092|
SASQDISNYLNWYQQKPGKAPKVLIYFTSSLHSGVPSRFSGSGSGTDFTLTISSLQPEDFATYYCQQYSTVPWTFGQGTKVEIKRTVAAPSVFIFPPSDEQLKSGTASVVCLLNNFYPREAKVQWKVDNALQSGNSQESVTEQDSKDSTYSLSSTLTLSKADYEKHKVYACEVTHQGLSSPVTKSFNRGEC,Th1095,,Th1095|
EVQLVESGGGLVQPGG,Th1095,Heavy Chain,Th1095|Heavy Chain
SETQANSTTDALNVLLIIVDDLRPSLGCYGDKLVRSPNIDQLASHSLLFQNAFAQQAVCAPSRVSFLTGRRPDTTRLYDFNSYWRVHAGNFSTIPQYFKENGYVTMSVGKVFHPGISSNHTDDSPYSWSFPPYHPSSEKYENTKTCRGPDGELHANLLCPVDVLDVPEGTLPDKQSTEQAIQLLEKMKTSASPFFLAVGYHKPHIPFRYPKEFQKLYPLENITLAPDPEVPDGLPPVAYNPWMDIRQREDVQALN,Th1096,,Th1096|
AHPGRPRAVPTQCDVPPNSRFDCAPDKAITQEQCEARGCCYIPAKQGLQGAQMGQPWCFFPPSYPSYKLENLSSSEMGYTATLTRTTPTFFPKDILTLRLDVMMETENRLHFTIKDPANRRYEVPLETPHVHSRAPSPLYSVEFSEEPFGVIVRRQLDGRVLLNTTVAPLFFADQFLQLSTSLPSQYITGLAEHLSPLMLSTSWTRITLWNRDLAPTPGANLYGSHPFYLALEDGGSAHGVFLLNSNAMDVVLQP,Th1097,,Th1097|
HGEGTFTSDLSKQMEEEAVRLFIEWLKNGGPSSGAPPPS,Th1098,,Th1098|
GPETLCGAELVDALQFVCGDRGFYFNKPTGYGSSSRRAPQTGIVDECCFRSCDLRRLEMYCAPLKPAKSA,Th1099,,Th1099|
KCNTATCATQRLANFLVHSSNNFGPILPPTNVGSNTY,Th1100,,Th1100|
SGAGASRPPHLVFLLADDLGWNDVGFHGSRIRTPHLDALAAGGVLLDNYYTQPLCTPSRSQLLTGRYQIRTGLQHQIIWPCQPSCVPLDEKLLPQLLKEAGYTTHMVGKWHLGMYRKECLPTRRGFDTYFGYLLGSEDYYSHERCTLIDALNVTRCALDFRDGEEVATGYKNMYSTNIFTKRAIALITNHPPEKPLFLYLALQSVHEPLQVPEEYLKPYDFIQDKNRHHYAGMVSLMDEAVGNVTAALKSSGLWN,Th1101,,Th1101|
MHVAQPAVVLASSRGIASFVCEYASPGKATEVRVTVLRQADSQVTEVCAATYMMGNELTFLDDSICTGTSSGNQVNLTIQGLRAMDTGLYICKVELMYPPPYYLGIGNGTQIYVIDPEPCPDSDQEPKSSDKTHTSPPSPAPELLGGSSVFLFPPKPKDTLMISRTPEVTCVVVDVSHEDPEVKFNWYVDGVEVHNAKTKPREEQYNSTYRVVSVLTVLHQDWLNGKEYKCKVSNKALPAPIEKTISKAKGQPRE,Th1102,,Th1102|
SYSMEHFRWGKPVGKKRRPVKVYPDGAEDQLAEAFPLEF,Th1104,,Th1104|
GIVEQCCTSICSLYQLENYCN,Th1105,Alpha chain,Th1105|Alpha chain
FVNQHLCGSHLVEALYLVCGERGFFYTDKT,Th1105,Beta chain,Th1105|Beta chain
GIVEQCCTSICSLYQLENYCN,Th1106,Alpha chain,Th1106|Alpha chain
FVNQHLCGSHLVEALYLVCGERGFFYTPK,Th1106,Beta chain,Th1106|Beta chain
GIVEQCCTSICSLYQLENYCN,Th1107,Alpha chain,Th1107|Alpha chain
FVKQHLCGSHLVEALYLVCGERGFFYTPET,Th1107,Beta chain,Th1107|Beta chain
SPKMVQGSGCFGRKMDRISSSSGLGCKVLRRH,Th1109,,Th1109|
SDAAVDTSSEITTKDLKEKKEVVEEAEN,Th1110,,Th1110|
CDLPETHSLDNRRTLMLLAQMSRISPSSCLMDRHDFGFPQEEFDGNQFQKAPAISVLHELIQQIFNLFTTKDSSAAWDEDLLDKFCTELYQQLNDLEACVMQEERVGETPLMNADSILAVKKYFRRITLYLTEKKYSPCAWEVVRAEIMRSLSLSTNLQERLRRKE,Th1112,Inteferon alpha-1,Th1112|Inteferon alpha-1
CDLPQTHSLGSRRTLMLLAQMRKISLFSCLKDRHDFGFPQEEFGNQFQKAET,Th1112,Inteferon alpha-2,Th1112|Inteferon alpha-2
EAYKAAEKAYAAKEAAKEAAKAKAEKKAAYAKAKAAKYEKKAKKAAAEYKKK,Th1113,,Th1113|
SVSEIQLMHNLGKHLNSMERVEWLRKKLQDVHNFVALGAPLAPRDAGSQRPRKKEDNVLVESHEKSLGEADKADVNVLTKAKSQ,Th1114,,Th1114|
QVQLVESGGGVVQPGRSLRLSCAASGFTFSVYGMNWVRQAPGKGLEWVAIIWYDGDNQYYADSVKGRFTISRDNSKNTLYLQMNGLRAEDTAVYYCARDLRTGPFDYWGQGTLVTVSSASTKGPSVFPLAPSSKSTSGGTAALGCLVKDYFPEPVTVSWNSGALTSGVHTFPA,Th1116,,Th1116|
QVQLVESGGGVVQPGRSLRLSCAASGFTFSSYTMHWVRQAPGKGLEWVTFISYDGNNKYYADSVKGRFTISRDNSKNTLYLQMNSLRAEDTAIYYCARTGWLGPFDYWGQGTLVTVSSASTKGPSVFPLAPSSKSTSGGTAALGCLVKDYFPEPVTVSWNSGALTSGVHTFPAVLQSSGLYSLSSVVTVPSSSLGTQTYICNVNHKPSNTKVDKRVEPKSCDKTHTCPPCPAPELLGGPSVFL,Th1117,,Th1117|
SVSEIQLMHNLGKHLNSMERVEWLRKKLQDVHNF,Th1120,,Th1120|
DIQMTQSPSSLSASVGDRVTITCKASQDVSIGVAWYQQKPGKAPKLLIYSASYRYTGVPSRFSGSGSGTDFTLTISSLQPEDFATYYCQQYYIYPYTFGQGTKVEIKRTVAAPSVFIFPPSDEQLKSGTASVVCLLNNFYPREAKVQWKVDNALQSGNSQESVTEQDSKDSTYSLSSTLTLSKADYEKHKVYACEVTHQGLSSPVTKSFNRGEC,Th1121,,Th1121|
SERCDDWGLDTMRQIQVFEDEPARIKCPLFEHFLKFNYSTAHSAGLTLIWYWTRQDRDLEEPIN,Th1122,,Th1122|
EVQLLESGGGLVQPGGSLRLSCAASGFTFSSYAMSWVRQAPGKGLEWVSGITGSGGSTYYADSVKGRFTISRDNSKNTLYLQMNSLRAEDTAVYYCAKDPGTTVIMSWFDPWGQGTLVTVSSASTKGPSVFPLAPSSKSTSGGTAALGCLVKDYFPEPVTVSWNSGALTSGVHTFPAVLQSSGLYSLSSVVTVPSSSLGTQTYICNVNHKPSNTKVDKKVEPKSCDKTHTCPPCPAPELLGGP,Th1123,,Th1123|
HAEGTFTSDVSSYLEGQAAKEEFIIAWLVKGRG,Th1124,,Th1124|
MHVAQPAVVLASSRGIASFVCEYASPGKYTEVRVTVLRQADSQVTEVCAATYMMGNELTFLDDSICTGTSSGNQVNLTIQGLRAMDTGLYICKVELMYPPPYYEGIGNGTQIYVIDPEPCPDSDQEPKSSDKTHTSPPSPAPELLGGSSVFLFPPKPKDTLMISRTPEVTCVVVDVSHEDPEVKFNWYVDGVEVHNAKTKPREEQYNSTYRVVSVLTVLHQDWLNGKEYKCKVSNKALPAPIEKTISKAKGQPRE,Th1126,,Th1126|
YADAIFTNSYRKVLGQLSARKLLQDIMSRQQGESNQERGARARL,Th1129,,Th1129|
QIQLQQSGPEVVKPGASVKISCKASGYTFTDYYITWVKQKPGQGLEWIGWIYPGSGNTKYNEKFKGKATLTVDTSSSTAFMQLSSLTSEDTAVYFCANYGNYWFAYWGQGTQVTVSAASTKGPSVFPLAPSSKSTSGGTAALGCLVKDYFPEPVTVSWNSGALTSGVHTFPAVLQSSGLYSLSSVVTVPSSSLGTQTYICNVNHKPSNTKVDKKVEPKSCDKTHTCPPCPAPELLGGPSVFLF,Th1130,,Th1130|
EFARPCIPKSFGYSSVVCVCNATYCDSFDPPTFPALGTFSRYESTRSGRRMELSMGPIQANHTGTGLLLTLQPEQKFQKVKGFGGAMTDAAALNILALSPPAQNLLLKSYFSEEGIGYNIIRVPMASCDFSIRTYTYADTPDDFQLHNFSLPEEDTKLKIPLIHRALQLAQRPVSLLASPWTSPTWLKTNGAVNGKGSLKGQPGDIYHQTARYFVKFLDAYAEHKLQFWAVTAENEPSAGLLSGYPFQCLGFTPE,Th1131,,Th1131|
SDTGRPFVEMYSEIPEIIHMTEGRELVIPCRVTSPNITVTLKKFPLDTLIPDGKRIIWDSRKGFIISNATYKEIGLLTCEATVNGHLYKTNYLTHRQTNTIIDVVLSPSHGIELSVGEKLVLNCTARTELNVGIDFNWEYPSSKHQHKKLVNRDLKTQSGSEMKKFLSTLTIDGVTRSDQGLYTCAASSGLMTKKNSTFVRVHEKDKTHTCPPCPAPELLGGPSVFLFPPKPKDTLMISRTPEVTCVVVDVSHED,Th1133,,Th1133|
ADKLPNIVILATGGTIAGSAATGTQTTGYKAGALGVDTLINAVPEVKKLANVKGEQFSNMASENMTGDVVLKLSQRVNELLARDDVDGVVITHGTDTVEESAYFLHLTVKSDKPVVFVAAMRPATAISADGPMNLLEAVRVAGDKQSRGRGVMVVLNDRIGSARYITKTNASTLDTFKANEEGYLGVIIGNRIYYQNRIDKLHTTRSVFDVRGLTSLPKVDILYGYQDDPEYLYDAAIQHGVKGIVYAGMGAGSV,Th1134,,Th1134|
APSFDCGKPQVEPKKCPGR,Th1135,Truncated heavy chain,Th1135|Truncated heavy chain
VVGGCVAHPHSWPWQVSLRTRFGMHFCGGTLISPEWVLTAAHCLEKSPRPSSYKVILGAHQEVNLEPHVQEIEVSRLFLEPTRKDIALLKLSSPAVITDKVIPACLPSPNYVVADRTECFITGWGETQGTFGAGLLKEAQLPVIENKVCNRYEFLNGRVQSTELCAGHLAGGTDSCQGDSGGPLVCFEKDKYILQGVTS,Th1135,Light chain,Th1135|Light chain
ALAQKRDNVLFQAATDEQPAVIKTLEKLVNIETGTGDAEGIAAAGNFLEAELKNLGFTVTRSKSAGLVVGDNIVGKIKGRGGKNLLLMSHMDTVYLKGILAKAPFRVEGDKAYGPGIADDKGGNAVILHTLKLLKEYGVRDYGTITVLFNTDEEKGSFGSRDLIQEEAKLADYVLSFEPTSAGDEKLSLGTSGIAYVQVNITGKASHAGAAPELGVNALVEASDLVLRTMNIDDKAKNLRFNWTIAKAGNVSNII,Th1136,,Th1136|
HGDGSFSDEMNTILDNLAARDFINWLIQTKITD,Th1137,,Th1137|
DIQMTQSPSSLSASVGDRVTITCKASQNVGTNVAWYQQKPGKAPKALIYSASFLYSGVPYRFSGSGSGTDFTLTISSLQPEDFATYYCQQYNIYPLTFGQGTKVEIKRTVAAPSVFIFPPSDEQLKSGTASVVCLLNNFYPREAKVQWKVDNALQSGNSQESVTEQDSKDSTYSLSSTLTLSKADYEKHKVYACEVTHQGLSSPVTKSFNRGEC,Th1139,Light chain,Th1139|Light chain
EVQLVESGGGLVQP,Th1139,Heavy Chain,Th1139|Heavy Chain
GIVEQCCTSICSLYQLENYCN,Th1140,Alpha chain,Th1140|Alpha chain
FVNQHLCGSHLVEALYLVCGERGFFYTPKT,Th1140,Beta chain,Th1140|Beta chain
DLLDDYVNTQGASLLSLSRKNLAGRSVEDCAAKCEEETDFVCRAFQYHSKEQQCVVMAENSKNTPVFRMRDVILYEKRIYLLECKTGNGQTYRGTTAETKSGVTCQKWSATSPHVPKFSPEKFPLAGLEENYCRNPDNDENGPWCYTTDPDKRYDYCDIPECEDKCMHCSGENYEGKIAKTMSGRDCQAWDSQSPHAHGYIPSKFPNKNLKMNYCRNPDGEPRPWCFTTDP,Th1143,,Th1143|
MDKTHTCPPCPAPELLGGPSVFLFPPKPKDTLMISRTPEVTCVVVDVSHEDPEVKFNWYVDGVEVHNAKTKPREEQYNSTYRVVSVLTVLHQDWLNGKEYKCKVSNKALPAPIEKTISKAKGQPREPQVYTLPPSRDELTKNQVSLTCLVKGFYPSDIAVEWESNGQPENNYKTTPPVLDSDGSFFLYSKLTVDKSRWQQGNVFSCSVMHEALHNHYTQKSLSLSPGKGGGGGIEGPTLRQWLAARAGGGGGGGG,Th1145,,Th1145|
KLLLLKLLLLKLLLLKLLLLK,Th1146,,Th1146|
EVQLVESGGGLVQPGGSLRLSCAASGFTFSNYWMNWVRQAPGKGLEWVAAINQDGSEKYYVGSVKGRFISRDNAKNSLYLQMNSLRVEDTAVYYCVRDYYDILTDYYIHYWYFDLWGRGTLVTVSSASTKGPSVFPLAPSSKSTSGGTAALGCLVKDYFPEPVTVSWNSGALTSGVHTFPAVLQSSGLYSLSSVVTVPSSSLGTQTYICNVNHKPSNTKVDKRVEPKSCDK,Th1150,,Th1150|
FPTIPLSRLFDNAMLRAHRLHQLAFDTYQEFEEAYIPKEQKYSFLQNPQTSLCFSESIPTPSNREETQQKSNLELLRISLLLIQSWLEPVQFLRSVFANSLVYGASDSNVYDLLKDLEEGIQTLMGRLEDGSPRTGQIFKQTYSKFDTNSHNDDALLKNYGLLYCFRKDMDKVETFLRIVQCRSVEGSCGF,Th1151,,Th1151|
LIDGKMTRRGDSPWQVVLLDSKKKLACGAVLIHPSWVLTAAHCMDESKKLLVRLGEYDLRRWEKWELDLDIKEVFVHPNYSKSTTDDIALLHLAQPATLSQTIVPICLPDSGLAERELNQAGQETLVTGWGYHSSREKEAKRNRTFVLNFIKIPVVPHNECSEVMSNMVSENMLAGILGDRQDACEGDSGGPMVASFHGTWFLVGLVSWGEGCGLLHNYGVYTKVSRYLDWIHGHIRDKEAP,Th1152,,Th1152|
CFSQQIYGVVYGNVTFHVPSNVPLKEVLWKKQKDKVAELENSEFRAFSSFKNRVYLDTVSGSLTIYNLTSSDEDEYEMESPNITDTMKFFLYVLESLPSPTLTCALTNGSIEVQCMIPEHYNSHRGLIMYSWDCPMEQCKRNSTSIYFKMENDLPQKIQCTLSNPLFNTTSSIILTTCIPSSGHSRHRYALIPIPLAVITTCIVLYMNGILKCDRKPDRTNSNRVEPKSCDKTHTCPPCPAP,Th1153,,Th1153|
MKKYLLGIGLILALIACKQNVSSLDEKNSVSVDVPGGMKVLVSKEKNKDGKYDLMATVDNVDLKGTSDKNNGSGILEGVKADKSKVKLTVADDLSKTTLEVLKEDGTVVSRKVTSKDKSTTEAKFNEKGELSEKTMTRANGTTLEYSQMTNEDNAAKAVETLKNGIKFEGNLASGKTAVEIKEGTVTLKREIDKNGKVTVSLNDTASGSKKTASWQESTSTLTISANSKKTKDLVFLTNGTITVQNYDSAGTKLE,Th1154,,Th1154|
KPSSPPEELKFQCGQKTLRPRFKIIGGEFTTIENQPWFAAIYRRHRGGSVTYVCGGSLMSPCWVISATHCFIDYPKKEDYIVYLGRSRLNSNTQGEMKFEVENLILHKDYSADTLAHHNDIALLKIRSKEGRCAQPSRTIQTICLPSMYNDPQFGTSCEITGFGKENSTDYLYPEQLKMTVVKLISHRECQQPHYYGSEVTTKMLCAADPQWKTDSCQGDSGGPLVCSLQGRMTLTGIVSWGRGCALKDKPGVYT,Th1155,,Th1155|
YADAIFTNSYRKVLGQLSARKLLQDIMSRQ,Th1157,,Th1157|
RPDFCLEPPYTGPCKARIIRYFYNAKAGLCQTFVYGGCRAKRNNFKSAEDCMRTCGGA,Th1158,,Th1158|
QIVLTQSPAIMSASPGEKVTITCSASSSISYMHWFQQKPGTSPKLWIYTTSNLASGVPARFSGSGSGTSYSLTISRMEAEDAATYYCHQRSTYPLTFGSGTKLELK,Th1159,Light chain 1,Th1159|Light chain 1
DIQMTQSPSTLSASVGDRVTITCRASQSINTWLAWYQQKPGKAPKLLMYKASSLESGVPSRFIGSGSGTEFTLTISSLQPDDFATYYCQQYNSDSKMFGQGTKVEVK,Th1159,Light chain 2,Th1159|Light chain 2
QVQLQQSDAELVKPGASVKISCKASGYTFTDHAIHWAKQKPEQGLEWIGYISPGNDDIKYNEKFKGKATLTADKSSSTAYMQLNSLTSEDSAVYFCKRSYYGHWGQGTTLTVSSASTKGPSVFPLAPCSRSTSESTAALGCLVKDYFPEPVTVSWNSGALTSGVHTFPAVLQSSGLYSLSSVVTVPSSSLGTKTYTCNVDHKPSNTKVDKRVCPPCKCPAPNLLGGPSVFIFPPKIKDVL,Th1160,,Th1160|
"HGEGTFTSDVSSYLEGQAAKEFIAWLVKGRHGEGTFTSDVSSYLEGQAAKEFIAWLVKGRDAHKSEVAHRFKDLGEENFKALVLIAFAQYLQQCPFEDHVKLVNEVTEFAKTCVADESAENCDKSLHTLFGDKLCTVATLRETYGEMADCCAKQEPERNECFLQHKDDNPNLPRLVRPEVDVMCTAFHDNEETFLKKYLYEIARRHPYFYAPELLFFAKRYKAAFTECCQAADKAACLLPKLDELRDEGKASSAKQRLKCASLQKFGERAFKAWAVARLSQRFPKAEFAEVSKLVTDLTKVHTECCHGDLLECADDRADLAKYICENQDSISSKLKECCEKPLLEKSHCIAEVENDEMPADLPSLAADFVESKDVCKNYAEAKDVFLGMFLYEYARRHPDYSVVLLLRLAKTYETTLEKCCAAADPHECYAKVFDEFKPLVEEPQNLIKQNCELFEQLGEYKFQNALLVRYTKKVPQVSTPTLVEVSRNLGKVGSKCCKHPEAKRMPCAEDYLSVVLNQLCVLHEKTPVSDRVTKCCTESLVNRRPCFSALEVDETYVPKEFNAETFTFHADICTLSEKERQIKKQTALVELVKHKPKATKEQLKAVMDDFAAFVEKCCKADDKETCFAEEGKKLVAASQAALGL",Th1161,,Th1161|
LVPEKEKDPKYWRDQAQETLKYALELQKLNTNVAKNVIMFLGDGMGVSTVTAARILKGQLHHNPGEETRLEMDKFPFVALSKTYNTNAQVPDSAGTATAYLCGVKANEGTVGVSAATERSRCNTTQGNEVTSILRWAKDAGKSVGIVTTTRVNHATPSAAYAHSADRDWYSDNEMPPEALSQGCKDIAYQLMHNIRDIDVIMGGGRKYMYPKNKTDVEYESDEKARGTRLDGLDLVDTWKSFKPRYKHSHFIWNRTELLTLDPHNVDYLLGLFEPGDMQYELNRNNVTDPSLSEMVVVAIQILRKNPKGFFLLVEGGRIDHGHHEGKAKQALHEAVEMDRAIGQAGSLTSSEDTLTVVTADHSHVFTFGGYTPRGNSIFGLAPMLSDTDKKPFTAILYGNGPGYKVVGGERENVSMVDYAHNNYQAQSAVPLRHETHGGEDVAVFSKGPMAHLLHGVHEQNYVPHVMAYAACIGANLGHCAPASSLKDKTHTCPPCPAPELLGGPSVFLFPPKPKDTLMISRTPEVTCVVVDVSHEDPEVKFNWYVDGVEVHNAKTKPREEQYNSTYRVVSVLTVLHQDWLNGKEYKCKVSNKALPAPIEKTISKAKGQPREPQVYTLPPSREEMTKNQVSLTCLVKGFYPSDIAVEWESNGQPENNYKTTPPVLDSDGSFFLYSKLTVDKSRWQQGNVFSCSVMHEALHNHYTQKSLSLSPGKDIDDDDDDDDDD,Th1166,,Th1166|
DIQLTQSPASLAVSLGQRATISCKASQSVDYDGDSYLNWYQQIPGQPPKLLIYDASNLVSGIPPRFSGSGSGTDFTLNIHPVEKVDAATYHCQQSTEDPWTFGGGTKLEIKGGGGSGGGGSGGGGSQVQLQQSGAELVRPGSSVKISCKASGYAFSSYWMNWVKQRPGQGLEWIGQIWPGDGDTNYNGKFKGKATLTADESSSTAYMQLSSLASEDSAVYFCARRETTTVGRYYYAMDYWGQGTTVTVSSGGGGSDIKLQQSGAELARPGASVKMSCKTSGYTFTRYTMHWVKQRPGQGLEWIGYINPSRGYTNYNQKFKDKATLTTDKSSSTAYMQLSSLTSEDSAVYYCARYYDDHYCLDYWGQGTTLTVSSVEGGSGGSGGSGGSGGVDDIQLTQSPAIMSASPGEKVTMTCRASSSVSYMNWYQQKSGTSPKRWIYDTSKVASGVPYRFSGSGSGTSYSLTISSMEAEDAATYYCQQWSSNPLTFGAGTKLELKHHHHHH,Th1170,,Th1170|
HGEGTFTSDVSSYLEEQAAKEFIAWLVKGGGGGGGSGGGGSGGGGSAESKYGPPCPPCPAPEAAGGPSVFLFPPKPKDTLMISRTPEVTCVVVDVSQEDPEVQFNWYVDGVEVHNAKTKPREEQFNSTYRVVSVLTVLHQDWLNGKEYKCKVSNKGLPSSIEKTISKAKGQPREPQVYTLPPSQEEMTKNQVSLTCLVKGFYPSDIAVEWESNGQPENNYKTTPPVLDSDGSFFLYSRLTVDKSRWQEGNVFSCSVMHEALHNHYTQKSLSLSLG,Th1176,,Th1176|
APQPPNILLLLMDDMGWGDLGVYGEPSRETPLCSPSRAALLTGRLPIRNGFYTTNAHARNLLKKAGYVSKIVGKWHLGHRPQFHPLKHGFNIPVYRDWEMVGRYYEEFPINLKTGEANLTFLYWAVDATHAPVYASKPFLGTSQRGRYGDVADNTFVFFTSDNGAALISAPEQGGSNGPFPGHVTAGQVSHQLGSIMDLFTTSLALAGLTLMDRPIFYYRGDTLMAATLGQHKAHFWTWTVTTHNLEDHTKLPLIFHLGRDPGERFPLSFEALVPAQPQLNVCNWAVMNWAPPGCEKLGKPNLDRMAAEGLLFPNFYSANAYTPQEIVGGIPDSEQLLPEDEWFGSPNCHFGPYDNKARPQIYLQEALDFIKRQARHHPFAVREIDDSIGKILELLQDLHLCGKQTTFEGGMREPALAWWPPSDRAIDGLNLLPTLLQGRNSWENFRQGIDFCPGQNVSGASAEYQEALSRITSVVQQHQCLTPPESIPKKCLWSH,Th1177,,Th1177|
PSALTQPPSASGSLGQSVTISCTGTSSDVGGYNYVSWYQQHAGKAPKVIIYEVNKRPSGVPDRFSGSKSGNTASLTVSGLQAEDEADYYCSSYEGSDNFVFGTGTKVTVLGQPKANPTVTLFPPSSEELQANKATEVCLISDFYPGAVTVAWKADGSPVKAGVETTKPSKQSNNKYAASSYLSLTPEQWKSHRSYSCQVTHEGSTVEKTVAPTECSPLVLQESGPGLVKPSEALSLTCTVSGDSINTILYYWSWIRQPPGKGLEWIGYIYYSGSTYGNPSLKSRVTISVNTSKNQFYSKLSSVTAADTAVYYCARVPLVVNPWGQGTLVTVSSASTKGPSVFPLAPSSKSTSGGTAALGCLVKDYFPQPVTVSWNSGALTSGVHTFPAVLQSSGLYSLSSVVTVPSSSLGTQTYICNVNHKPSNTKVDKRVAPELLGGPSVFLFPPKPKDTLMISRTPEVTCVVVDVSHEDPQVKFNWYVDGVQVHNAKTKPREQQYNSTYRVVSVLTVLHQNWLDGKEYKCKVSNKALPAPIEKTISKAKGQPREPQVYTLPPSREEMTKNQVSLTCLVKGFYPSDIAVEWESNGQPENNYKTTPPVLDSDGSFFLYSKLTVDKSRWQQGNVFSCSVMHEALHNHYTQKSLSL,Th1190,IGG1,Th1190|IGG1
ELVMTQSPSSLSASVGDRVNIACRASQGISSALAWYQQKPGKAPRLLIYDASNLESGVPSRFSGSGSGTDFTLTISSLQPEDFAIYYCQQFNSYPLTFGGGTKVEIKRTVAAPSVFIFPPSDEQLKSGTASVVCLLNNFYPREAKVQWKVDNALQSGNSQESVTEQDSKDSTYSLSSTLTLSKADYEKHKVYACEVTHQGLSSPVTKSFNRGECQVKLLEQSGAEVKKPGASVKVSCKASGYSFTSYGLHWVRQAPGQRLEWMGWISAGTGNTKYSQKFRGRVTFTRDTSATTAYMGLSSLRPEDTAVYYCARDPYGGGKSEFDYWGQGTLVTVSSASPTSPKVFPLSLDSTPQDGNVVVACLVQGFFPQEPLSVTWSESGQNVTARNFPPSQDASGDLYTTSSQLTLPATQCPDGKSVTCHVKHYTNPSQDVTVPCPVPPPPPCCHPRLSLHRPALEDLLLGSEANLTCTLTGLRDASGATFTWTPSSGKSAVQGPPERDLCGCYSVSSVLPGCAQPWNHGETFTCTAAHPELKTPLTANITKSGNTFRPEVHLLPPPSEELALNELVTLTCLARGFSPKDVLVRWLQGSQELPREKYLTWASRQEPSQGTTTFAVTSILRVAAEDWKKGDTFSCMVGHEALPLAFTQKTIDRLAGKPTHVNVSVVMAEVDGTCY,Th1190,IgA2,Th1190|IgA2
QVQLVQSGAEVKKPGASVKVSCKGSGYTFTSYWMHWVRQAPGQRLEWIGEIDPSESNTNY,Th1191,,Th1191|
SGGKLTAVDPETNMNVSEIISYWGFPSEEYLVETEDGYILCLNRIPHGRKNHSDKGPKPV,Th1197,,Th1197|
EVQLVQSGGGLVKPGGSLRLSCAASGFTFSSYSMNWVRQAPGKGLEWVSSISSSSSYIYY,Th1199,,Th1199|
EVQLVESGGGLVQPGRSLRLSCAASGFTFNDYAMHWVRQAPGKGLEWVSTISWNSGSIGY,Th1204,,Th1204|
QVQLVESGGGVVQPGRSLRLDCKASGITFSNSGMHWVRQAPGKGLEWVAVIWYDGSKRYY,Th1206,,Th1206|
MVPIQKVQDDTKTLIKTIVTRINDISHTQSVSSKQKVTGLDFIPGLHPILTLSKMDQTLAVYQQILTSMPSRNVIQISNDLENLRDLLHVLAFSKSCHLPWASGLETLDSLGGVLEASGYSTEVVALSRLQGSLQDMLWQLDLSPGC,Th1208,,Th1208|
GIVEQCCTSICSLYQLENYCN,Th1212,Alpha chain,Th1212|Alpha chain
FVNQHLCGSHLVEALYLVCGERGFFYTPKT,Th1212,Beta chain,Th1212|Beta chain
GIVEQCCTSICSLYQLENYCN,Th1213,Alpha chain,Th1213|Alpha chain
FVNQHLCGSHLVEALYLVCGERGFFYTPKT,Th1213,Beta chain,Th1213|Beta chain
GIVEQCCASVCSLYQLENYCN,Th1214,Alpha chain,Th1214|Alpha chain
FVNQHLCGSHLVEALYLVCGERGFFYTPKT,Th1214,Beta chain,Th1214|Beta chain
"MALVLEIFTLLASICWVSANIFEYQVDAQPLRPCELQRETAFLKQADYVPQCAEDGSFQTVQCQNDGRSCWCVGANGSEVLGSRQPGRPVACLSFCQLQKQQILLSGYINSTDTSYLPQCQDSGDYAPVQCDVQQVQCWCVDAEGMEVYGTRQLGRPKRCPRSCEIRNRRLLHGVGDKSPPQCSAEGEFMPVQCKFVNTTDMMIFDLVHSYNRFPDAFVTFSSFQRRFPEVSGYCHCADSQGRELAETGLELLLDEIYDTIFAGLDLPSTFTETTLYRILQRRFLAVQSVISGRFRCPTKCEVERFTATSFGHPYVPSCRRNGDYQAVQCQTEGPCWCVDAQGKEMHGTRQQGEPPSCAEGQSCASERQQALSRLYFGTSGYFSQHDLFSSPEKRWASPRVARFATSCPPTIKELFVDSGLLRPMVEGQSQQFSVSENLLKEAIRAIFPSRGLARLALQFTTNPKRLQQNLFGGKFLVNVGQFNLSGALGTRGTFNFSQFFQQLGLASFLNGGRQEDLAKPLSVGLDSNSSTGTPEAAKKDGTMNKPTVGSFGFEINLQENQNALKFLASLLELPEFLLFLQHAISVPEDVARDLGDVMETVLSSQTCEQTPERLFVPSCTTEGSYEDVQCFSGECWCVNSWGKELPGSRVRGGQPRCPTDCEQRARMQSLMGSQPAGSTLFVPACTSEGHFLPVQCFNSECYCVDAEGQAIPGTRSAIGKPKKCPTPCQLQSEQAFLRTVQALLSNSSMLPTLSDTYIPQCSTDGQWRQVQCNGPPEQVFELYQRWEAQNKGQDLTPAKLLVKIMSYREAASGNFSLFIQSLYEAGQQDVFPVLSQYPSLQDVPLAALEGKRPQPRENILLEPYLFWQILNGQLSQYPGSYSDFSTPLAHFDLRNCWCVDEAGQELEGMRSEPSKLPTCPGSCEEAKLRVLQFIRETEEIVSASNSSRFPLGESFLVAKGIRLRNEDLGLPPLFPPREAFAEQFLRGSDYAIRLAAQSTLSFYQRRRFSPDDSAGASALLRSGPYMPQCDAFGSWEPVQCHAGTGHCWCVDEKGGFIPGSLTARSLQIPQCPTTCEKSRTSGLLSSWKQARSQENPSPKDLFVPACLETGEYARLQASGAGTWCVDPASGEELRPGSSSSAQCPSLCNVLKSGVLSRRVSPGYVPACRAEDGGFSPVQCDQAQGSCWCVMDSGEEVPGTRVTGGQPACESPRCPLPFNASEVVGGTILCETISGPTGSAMQQCQLLCRQGSWSVFPPGPLICSLESGRWESQLPQPRACQRPQLWQTIQTQGHFQLQLPPGKMCSADYADLLQTFQVFILDELTARGFCQIQVKTFGTLVSIPVCNNSSVQVGCLTRERLGVNVTWKSRLEDIPVASLPDLHDIERALVGKDLLGRFTDLIQSGSFQLHLDSKTFPAETIRFLQGDHFGTSPRTWFGCSEGFYQVLTSEASQDGLGCVKCPEGSYSQDEECIPCPVGFYQEQAGSLACVPCPVGRTTISAGAFSQTHCVTDCQRNEAGLQCDQNGQYRASQKDRGSGKAFCVDGEGRRLPWWETEAPLEDSQCLMMQKFEKVPESKVIFDANAPVAVRSKVPDSEFPVMQCLTDCTEDEACSFFTVSTTEPEISCDFYAWTSDNVACMTSDQKRDALGNSKATSFGSLRCQVKVRSHGQDSPAVYLKKGQGSTTTLQKRFEPTGFQNMLSGLYNPIVFSASGANLTDAHLFCLLACDRDLCCDGFVLTQVQGGAIICGLLSSPSVLLCNVKDWMDPSEAWANATCPGVTYDQESHQVILRLGDQEFIKSLTPLEGTQDTFTNFQQVYLWKDSDMGSRPESMGCRKDTVPRPASPTEAGLTTELFSPVDLNQVIVNGNQSLSSQKHWLFKHLFSAQQANLWCLSRCVQEHSFCQLAEITESASLYFTCTLYPEAQVCDDIMESNAQGCRLILPQMPKALFRKKVILEDKVKNFYTRLPFQKLMGISIRNKVPMSEKSISNGFFECERRCDADPCCTGFGFLNVSQLKGGEVTCLTLNSLGIQMCSEENGGAWRILDCGSPDIEVHTYPFGWYQKPIAQNNAPSFCPLVVLPSLTEKVSLDSWQSLALSSVVVDPSIRHFDVAHVSTAATSNFSAVRDLCLSECSQHEACLITTLQTQPGAVRCMFYADTQSCTHSLQGQNCRLLLREEATHIYRKPGISLLSYEASVPSVPISTHGRLLGRSQAIQVGTSWKQVDQFLGVPYAAPPLAERRFQAPEPLNWTGSWDASKPRASCWQPGTRTSTSPGVSEDCLYLNVFIPQNVAPNASVLVFFHNTMDREESEGWPAIDGSFLAAVGNLIVVTASYRVGVFGFLSSGSGEVSGNWGLLDQVAALTWVQTHIRGFGGDPRRVSLAADRGGADVASIHLLTARATNSQLFRRAVLMGGSALSPAAVISHERAQQQAIALAKEVSCPMSSSQEVVSCLRQKPANVLNDAQTKLLAVSGPFHYWGPVIDGHFLREPPARALKRSLWVEVDLLIGSSQDDGLINRAKAVKQFEESRGRTSSKTAFYQALQNSLGGEDSDARVEAAATWYYSLEHSTDDYASFSRALENATRDYFIICPIIDMASAWAKRARGNVFMYHAPENYGHGSLELLADVQFALGLPFYPAYEGQFSLEEKSLSLKIMQYFSHFIRSGNPNYPYEFSRKVPTFATPWPDFVPRAGGENYKEFSELLPNRQGLKKADCSFWSKYISSLKTSADGAKGGQSAESEEEELTAGSGLREDLLSLQEPGSKTYSK",Th1215,,Th1215|
QVQLVESGGGVVQPGRSLRLSCAASGFTFSVYGMNWVRQAPGKGLEWVAIIWYDGDNQYYADSVKGRFTISRDNSKNTLYLQMNGLRAEDTAVYYCARDLRTGPFDYWGQGTLVTVSSASTKGPSVFPLAPSSKSTSGGTAALGCLVKDYFPEPVTVSWNSGALTSGVHTFPAVLQSSGLYSLSSVVTVPSSSLGTQTYICNVNHKPSNTKVDKRVEPKSCDKTHTCPPCPAPELLGGPSVFLFPPKPKDTLMISRTPEVTCVVVDVSHEDPEVKFNWYVDGVEVHNAKTKPREEQYNSTYRVVSVLTVLHQDWLNGKEYKCKVSNKALPAPIEKTISKAKGQPREPQVYTLPPSREEMTKNQVSLTCLVKGFYPSDIAVEWESNGQPENNYKTTPPVLDSDGSFFLYSKLTVDKSRWQQGNVFSCSVMHEALHNHYTQKSLSLSPGK,Th1222,H-GAMMA-1 Chain,Th1222|H-GAMMA-1 Chain
QVQLVESGGGVVQPGRSLRLSCAASGFTFSVYGMNWVRQAPGKGLEWVAIIWYDGDNQYYADSVKGRFTISRDNSKNTLYLQMNGLRAEDTAVYYCARDLRTGPFDYWGQGTLVTVSSASTKGPSVFPLAPSSKSTSGGTAALGCLVKDYFPEPVTVSWNSGALTSGVHTFPAVLQSSGLEIVLTQSPDFQSVTPKEKVTITCRASQSIGSSLHWYQQKPDQSPKLLIKYASQSFSGVPSRFSGSGSGTDFTLTINSLEAEDAAAYYCHQSSSLPFTFGPGTKVDIKRTVAAPSVFIFPPSDEQLKSGTASVVCLLNNFYPREAKVQWKVDNALQSGNSQESVTEQDSKDSTYSLSSTLTLSKADYEKHKVYACEVTHQGLSSPVTKSFNRGEC,Th1222,L-KAPPA chain,Th1222|L-KAPPA chain
APDVQDCPECTLQENPFFSQPGAPILQCMGCCFSRAYPTPLRSKKTMLVQKNVTSESTCCVAKSYNRVTVMGGFKVENHTACHCSTCYYHKS,Th1223,Alpha chain,Th1223|Alpha chain
SKEPLRPRCRPINATLAVEKEGCPVCITVNTTICAGYCPTMTRVLQGVLPALPQVVCNYRDVRFESIRLPGCPRGVNPVVSYAVALSCQCALCRRSTTDCGGPKDHPLTCDDPRFQDSSSSKAPPPSLPSPSRLPGPSDTPILPQ,Th1223,Beta chain,Th1223|Beta chain
APDVQDCPECTLQENPFFSQPGAPILQCMGCCFSRAYPTPLRSKKTMLVQKNVTSESTCCVAKSYNRVTVMGGFKVENHTACHCSTCYYHKS,Th1224,Alpha chain,Th1224|Alpha chain
SKEPLRPRCRPINATLAVEKEGCPVCITVNTTICAGYCPTMTRVLQGVLPALPQVVCNYRDVRFESIRLPGCPRGVNPVVSYAVALSCQCALCRRSTTDCGGPKDHPLTCDDPRFQDSSSSKAPPPSLPSPSRLPGPSDTPILPQ,Th1224,Beta chain,Th1224|Beta chain
QAYLQQSGAELVRPGASVKMSCKASGYTFTSYNMHWVKQTPRQGLEWIGAIYPGNGDTSYNQKFKGKATLTVDKSSSTAYMQLSSLTSEDSAVYFCARVVYYSNSYWYFDVWGTGTTVTVSAPSVYPLAPVCGDTTGSSVTLGCLVKGYFPEPVTLTWNSGSLSSGVHTFPAVLQSDLYTLSSSVTVTSSTWPSQSITCNVAHPASSTKVDKKIEPRGPTIKPCPPCKCPAPNLLGGPSVFIFPPKIKDVLMISLSPIVTCVVVDVSEDDPDVQISWFVNNVEVHTAQTQTHREDYNSTLRVVSALPIQHQDWMSGKEFKCKVNNKDLPAPIERTISKPKGSVRAPQVYVLPPPEEEMTKKQVTLTCMVTDFMPEDIYVEWTNNGKTELNYKNTEPVLDSDGSYFMYSKLRVEKKNWVERNSYSCSVVHEGLHNHHTTKSFSR,Th1231,Heavy Chain,Th1231|Heavy Chain
QIVLSQSPAILSASPGEKVTMTCRASSSVSYMHWYQQKPGSSPKPWIYAPSNLASGVPARFSGSGSGTSYSLTISRVEAEDAATYYCQQWSFNPPTFGAGTKLELKRADAAPTVFIFPPSDEQLKSGTASVVCLLNNFYPREAKVQWKVDNALQSGNSQESVTEQDSKDSTYSLSSTLTLSKADYEKHKVYACEVTHQGLSSPVTKSFN ,Th1231,Light Chain,Th1231|Light Chain
TYKKNDEVEFVRTGYGKDMIKVLHIQRDGKYHSIKEVATTVQLTLSSKKDYLHGDNSDVIPTDTIKNTVNVLAKFKGIKSIETFAVTICEHFLSSFKHVIRAQVYVEEVPWKRFEKNGVKHVHAFIYTPTGTHFCEVEQIRNGPPVIHSGIKDLKVLKTTQSGFEGFIKDQFTTLPEVKDRCFATQVYCKWRYHQGRDVDFEATWDTVRSIVLQKFAGPYDKGEYSPSVQKTLYDIQVLTLGQVPEIEDMEISLPNIHYLNIDMSKMGLINKEEVLLPLDNPYGKITGTVKRKLSSRL,Th1233,,Th1233|
ANSLLEETKQGNLERECIEELCNKEEAREVFENDPETDYFYPKYLVCLRSFQTGLFTAARQSTNAYPDLRSCVNAIPDQCSPLPCNEDGYMSCKDGKASFTCTCKPGWQGEKCEFDINECKDPSNINGGCSQICDNTPGSYHCSCKNGFVMLSNKKDCKDVDECSLKPSICGTAVCKNIPGDFECECPEGYRYNLKSKSCEDIDECSENMCAQLCVNYPGGYTCYCDGKKGFKLAQDQKSCEVVSVCLPLNLDTKYELLYLAEQFAGVVLYLKFRLPEISRFSAEFDFRTYDSEGVILYAESIDHSAWLLIALRGGKIEVQLKNEHTSKITTGGDVINNGLWNMVSVEELEHSISIKIAKEAVMDINKPGPLFKPENGLLETKVYFAGFPRKVESELIKPINPRLDGCIRSWNLMKQGASGIKEIIQEKQNKHCLVTVEKGSYYPGSGIAQFHIDYNNVSSAEGWHVNVTLNIRPSTGTGVMLALVSGNNTVPFAVSLVDSTSEKSQDILLSVENTVIYRIQALSLCSDQQSHLEFRVNRNNLELSTPLKIETISHEDLQRQLAVLDKAMKAKVATYLGGLPDVPFSATPVNAFYNGCMEVNINGVQLDLDEAISKHNDIRAHSCPSVWKKTKNS,Th1235,,Th1235|
AIRRYYLGAVELSWDYRQSELLRELHVDTRFPATAPGALPLGPSVLYKKTVFVEFTDQLFSVARPRPPWMGLLGPTIQAEVYDTVVVTLKNMASHPVSLHAVGVSFWKSSEGAEYEDHTSQREKEDDKVLPGKSQTYVWQVLKENGPTASDPPCLTYSYLSHVDLVKDLNSGLIGALLVCREGSLTRERTQNLHEFVLLFAVFDEGKSWHSARNDSWTRAMDPAPARAQPAMHTVNGYVNRSLPGLIGCHKKSVYWHVIGMGTSPEVHSIFLEGHTFLVRHHRQASLEISPLTFLTAQTFLMDLGQFLLFCHISSHHHGGMEAHVRVESCAEEPQLRRKADEEEDYDDNLYDSDMDVVRLDGDDVSPFIQIRSVAKKHPKTWVHYISAEEEDWDYAPAVPSPSDRSYKSLYLNSGPQRIGRKYKKARFVAYTDVTFKTRKAIPYESGILGPLLYGEVGDTLLIIFKNKASRPYNIYPHGITDVSALHPGRLLKGWKHLKDMPILPGETFKYKWTVTVEDGPTKSDPRCLTRYYSSSINLEKDLASGLIGPLLICYKESVDQRGNQMMSDKRNVILFSVFDENQSWYLAENIQRFLPNPDGLQPQDPEFQASNIMHSINGYVFDSLQLSVCLHEVAYWYILSVGAQTDFLSVFFSGYTFKHKMVYEDTLTLFPFSGETVFMSMENPGLWVLGCHNSDLRNRGMTALLKVYSCDRDIGDYYDNTYEDIPGFLLSGKNVIEPRSFAQNSRPPSASAPKPPVLRRHQRDISLPTFQPEEDKMDYDDIFSTETKGEDFDIYGEDENQDPRSFQKRTRHYFIAAVEQLWDYGMSESPRALRNRAQNGEVPRFKKVVFREFADGSFTQPSYRGELNKHLGLLGPYIRAEVEDNIMVTFKNQASRPYSFYSSLISYPDDQEQGAEPRHNFVQPNETRTYFWKVQHHMAPTEDEFDCKAWAYFSDVDLEKDVHSGLIGPLLICRANTLNAAHGRQVTVQEFALFFTIFDETKSWYFTENVERNCRAPCHLQMEDPTLKENYRFHAINGYVMDTLPGLVMAQNQRIRWYLLSMGSNENIHSIHFSGHVFSVRKKEEYKMAVYNLYPGVFETVEMLPSKVGIWRIECLIGEHLQAGMSTTFLVYSKECQAPLGMASGRIRDFQITASGQYGQWAPKLARLHYSGSINAWSTKDPHSWIKVDLLAPMIIHGIMTQGARQKFSSLYISQFIIMYSLDGRNWQSYRGNSTGTLMVFFGNVDASGIKHNIFNPPIVARYIRLHPTHYSIRSTLRMELMGCDLNSCSMPLGMQNKAISDSQITASSHLSNIFATWSPSQARLHLQGRTNAWRPRVSSAEEWLQVDLQKTVKVTGITTQGVKSLLSSMYVKEFLVSSSQDGRRWTLFLQDGHTKVFQGNQDSSTPVVNALDPPLFTRYLRIHPTSWAQHIALRLEVLGCEAQDLY,Th1238,,Th1238|
